date;agua_vermelha;belo_monte;dona_francisca;emborcacao;furnas;ita;itaipu;itumbiara;lageado;nova_avanhandava;nova_ponte;porto_primavera;rosana;salto_caxias;santa_cecilia;santo_antonio;sao_luiz_do_tapajos;sao_simao;serra_da_mesa;sobradinho;teles_pires;tres_marias;tucurui;xingo
01/01/79;177.63;355.02;17.36;402.73;236.45;45.25;70.37;549.94;426.74;161.16;305.97;105.79;241.09;58.59;164.76;318.01;299.14;337.28;530.57;376.34;341.34;307.97;383.41;146.3
01/02/79;108.36;377.7;158.48;297.08;314.96;150.05;147.0;290.08;374.69;121.06;291.48;142.77;149.45;165.2;170.06;182.15;379.1;211.96;330.29;300.26;415.4;356.39;369.16;103.7
01/03/79;103.85;276.94;88.97;168.32;133.24;72.89;47.12;198.09;266.96;108.62;178.56;84.97;80.99;56.11;98.38;267.04;323.94;135.16;214.71;115.98;326.26;165.4;232.12;109.82
01/04/79;63.9;173.49;155.7;61.62;66.55;149.79;140.7;54.3;82.09;73.16;62.1;74.91;79.2;131.4;79.66;97.13;179.49;52.5;54.58;86.6;145.4;69.52;117.98;113.08
01/05/79;100.13;74.66;177.01;44.93;82.32;173.05;285.51;53.32;16.77;112.03;54.87;170.33;95.06;235.91;86.37;74.52;106.02;72.23;40.02;15.61;61.85;64.68;40.4;57.96
01/06/79;0.9;11.26;42.6;0.1;10.22;45.35;7.5;0.0;0.3;10.93;0.0;12.43;0.63;38.7;35.72;8.31;19.31;0.0;0.14;0.5;7.5;5.24;1.74;30.79
01/07/79;132.99;32.99;106.64;191.5;138.17;108.2;96.72;20.46;6.01;93.94;272.8;81.47;75.22;108.81;51.53;20.17;23.85;120.59;15.98;31.71;20.18;202.1;10.38;25.2
01/08/79;75.02;79.71;152.52;21.05;65.02;98.06;87.42;27.59;23.28;110.16;24.49;74.04;40.35;102.3;141.95;36.59;80.94;43.71;26.29;8.78;67.02;37.55;43.23;10.66
01/09/79;140.7;117.7;205.8;81.66;100.64;135.46;236.1;70.2;79.03;137.17;102.9;170.06;143.5;169.5;119.49;62.32;95.26;100.8;71.32;21.46;86.77;84.38;81.74;10.48
01/10/79;109.74;151.56;209.87;98.93;70.6;157.36;208.63;90.52;93.15;108.18;97.65;177.82;122.76;225.68;64.73;82.01;157.35;97.03;90.52;85.62;121.48;75.19;101.19;6.11
01/11/79;153.3;189.16;150.3;208.04;199.24;130.89;216.6;192.9;211.24;164.68;204.9;169.17;170.31;139.5;173.12;163.59;181.98;172.2;203.95;204.88;172.26;210.32;178.19;38.59
01/12/79;261.64;200.64;196.54;317.71;255.22;143.35;368.59;266.91;234.57;205.48;325.19;172.53;304.72;172.05;146.44;209.47;215.81;331.7;269.51;217.38;233.94;298.18;235.31;47.81
01/01/80;252.96;385.23;110.05;440.63;317.22;147.32;176.7;460.66;349.3;211.77;465.93;223.35;247.84;178.25;167.56;291.32;342.19;378.82;415.71;297.73;404.17;388.97;369.62;147.65
01/02/80;344.81;496.15;112.81;277.81;172.52;158.32;190.24;470.38;522.16;300.54;221.27;319.2;343.24;191.98;187.05;282.88;474.65;368.59;487.82;309.44;575.15;168.0;496.44;222.05
01/03/80;49.91;215.53;147.25;80.94;108.55;108.47;122.45;84.94;129.55;89.0;75.33;179.67;97.77;134.54;100.84;160.17;234.48;70.06;97.8;48.01;221.13;99.38;154.13;61.09
01/04/80;124.8;145.03;137.4;153.81;147.16;101.29;49.2;86.1;80.76;125.6;176.1;125.41;73.8;87.6;117.34;113.77;160.44;111.9;87.92;68.76;131.12;163.35;101.55;13.68
01/05/80;32.55;42.79;171.12;15.34;22.06;112.54;182.28;14.26;4.26;28.54;14.26;77.6;84.59;149.73;14.77;95.18;71.36;26.97;10.5;5.31;45.43;13.26;13.32;7.3
01/06/80;73.2;25.77;139.5;29.63;46.67;83.53;63.3;25.5;6.28;80.82;36.3;92.15;52.25;93.9;72.18;27.45;25.87;40.2;18.79;7.69;12.72;37.14;8.56;28.7
01/07/80;4.96;5.09;110.36;0.0;6.57;163.67;50.84;0.0;0.0;32.82;0.0;94.19;14.68;140.43;28.32;27.94;10.05;0.0;0.0;0.08;1.88;2.31;0.25;18.57
01/08/80;95.48;19.68;83.39;138.82;80.18;83.69;78.43;5.89;0.0;94.82;197.78;83.48;32.59;106.33;95.59;35.51;29.93;85.87;3.14;14.21;21.96;109.22;3.4;7.14
01/09/80;74.1;81.99;123.9;40.14;47.89;109.1;167.4;67.8;47.05;81.43;42.9;143.32;151.49;149.4;68.75;77.79;87.34;62.7;56.75;25.63;85.3;37.86;55.76;10.08
01/10/80;59.52;143.95;260.4;30.01;67.41;136.08;212.04;42.78;47.97;78.97;32.86;119.85;98.47;172.67;89.46;123.52;178.6;58.59;38.88;17.36;153.11;47.99;82.0;21.6
01/11/80;162.0;269.13;133.8;229.6;178.15;85.58;94.2;206.7;256.55;145.72;239.7;106.64;143.6;71.1;147.32;168.51;266.97;205.5;221.95;177.99;314.77;208.87;244.75;56.83
01/12/80;285.2;325.85;146.01;304.81;305.12;217.77;169.26;245.83;298.65;285.51;308.45;313.28;282.45;224.44;253.09;148.55;262.88;289.54;268.52;279.65;328.67;325.41;312.9;56.57
01/01/81;210.49;288.38;135.78;279.67;269.15;139.87;124.31;229.71;244.87;217.95;303.49;202.97;182.08;156.24;205.12;274.25;289.5;232.19;225.81;168.0;289.28;283.54;281.39;55.59
01/02/81;87.08;182.75;136.36;68.21;80.69;163.17;103.88;64.12;102.0;103.43;80.92;102.21;91.5;122.64;111.5;229.26;254.46;86.24;60.86;36.36;229.9;71.23;140.93;24.79
01/03/81;101.99;333.98;45.26;243.19;186.78;63.38;97.34;284.89;393.92;146.83;229.71;110.67;127.43;78.74;239.46;212.62;312.07;216.69;317.27;324.13;352.31;219.29;312.77;274.15
01/04/81;77.1;103.63;115.5;45.41;62.72;130.92;159.0;83.1;107.11;80.66;39.6;116.18;89.06;127.2;78.65;120.72;106.48;65.1;83.24;56.82;85.25;51.32;99.17;64.68
01/05/81;5.27;25.38;97.34;24.42;21.84;54.53;20.15;72.85;18.03;22.5;12.71;23.72;10.05;62.62;29.46;130.03;47.88;27.9;52.33;14.06;24.95;13.59;9.24;11.77
01/06/81;87.9;20.36;160.5;36.36;49.59;140.77;104.4;27.0;21.73;83.62;39.6;88.59;73.38;94.8;62.09;42.34;31.15;37.2;25.04;20.54;15.86;42.49;19.45;19.87
01/07/81;4.96;6.38;52.39;1.52;8.51;66.5;4.34;4.65;1.62;37.96;0.93;33.31;3.33;55.18;63.11;7.55;3.78;2.48;2.92;1.46;1.14;3.65;2.49;15.86
01/08/81;14.26;14.53;50.84;4.02;19.58;76.8;39.68;1.24;1.73;29.49;3.72;28.38;10.74;63.86;40.23;67.27;31.22;0.31;0.95;5.51;9.09;14.46;6.58;12.0
01/09/81;17.4;21.55;157.2;5.89;32.37;157.37;38.4;12.9;1.99;21.73;7.8;31.63;14.13;111.6;23.28;90.31;38.63;12.6;8.56;1.35;18.5;16.67;7.96;6.25
01/10/81;272.18;184.69;62.31;235.51;209.75;89.22;196.85;224.13;183.3;222.9;231.57;199.79;172.94;118.73;163.8;123.35;152.48;252.03;206.64;153.33;161.95;206.47;155.67;2.81
01/11/81;200.7;294.1;152.4;271.1;290.76;138.89;196.2;372.6;301.73;189.9;257.1;174.56;213.12;142.8;220.18;160.02;261.01;296.1;346.86;213.81;302.23;308.29;285.97;20.13
01/12/81;313.41;209.68;163.68;230.94;261.33;144.6;429.04;287.99;154.8;247.36;259.78;259.56;302.05;159.96;177.75;279.01;224.25;319.92;232.34;112.86;244.54;250.65;202.78;59.03
01/01/82;272.49;425.61;36.27;400.94;345.47;25.41;55.8;356.81;417.55;226.19;417.57;134.62;208.38;38.75;222.64;360.76;389.02;350.92;369.39;286.62;443.28;381.45;411.41;40.59
01/02/82;162.12;363.91;198.52;62.51;167.75;162.34;187.6;107.8;175.16;217.53;67.76;203.8;183.6;209.44;252.45;287.81;355.06;109.76;125.69;75.19;356.07;96.63;230.13;44.25
01/03/82;268.77;315.28;66.96;342.09;329.81;87.78;119.04;342.86;290.41;220.37;366.11;116.42;253.49;90.21;238.34;320.78;317.33;443.92;321.18;189.73;319.63;337.27;270.62;63.61
01/04/82;64.8;175.0;36.3;83.88;84.33;38.01;57.0;124.8;92.32;76.37;83.4;55.64;71.45;47.4;84.81;141.46;216.1;96.3;107.6;78.97;166.84;77.04;135.1;63.28
01/05/82;63.24;66.48;139.81;40.91;36.38;96.72;101.06;88.97;20.92;68.04;42.78;61.04;67.04;101.37;55.72;61.85;67.57;69.13;63.24;12.82;29.27;35.71;33.8;46.71
01/06/82;48.6;75.4;139.8;41.09;36.48;96.9;101.1;88.8;20.88;61.0;42.9;60.91;69.49;101.4;55.7;76.89;79.95;69.0;63.06;12.02;53.67;35.8;38.52;46.9
01/07/82;42.78;17.71;179.49;5.08;15.45;147.9;184.45;1.55;1.89;50.39;7.44;119.84;56.77;163.06;38.06;33.33;22.55;5.89;2.42;0.64;16.16;9.73;10.57;20.37
01/08/82;19.53;29.76;282.41;11.88;19.71;147.85;128.96;29.45;5.91;39.96;11.78;50.22;46.59;119.35;59.21;52.85;27.28;12.09;20.34;6.55;12.66;13.81;14.88;19.36
01/09/82;21.3;149.94;159.0;40.15;22.38;89.53;51.6;54.9;73.32;24.6;47.1;25.11;40.59;46.5;27.0;98.62;105.11;41.1;65.11;24.4;112.97;30.86;93.6;17.16
01/10/82;177.01;128.16;234.98;117.33;127.49;246.14;296.36;167.4;108.62;171.21;132.68;200.62;158.68;246.14;132.84;102.76;99.07;177.63;142.25;52.93;118.63;109.56;123.57;7.05
01/11/82;146.7;135.72;309.0;98.64;99.16;302.53;452.1;101.7;115.13;161.1;117.6;290.69;196.51;361.8;122.43;150.11;140.14;112.5;105.34;42.71;152.53;96.38;103.55;2.31
01/12/82;270.94;200.03;128.34;267.63;364.86;148.67;140.74;242.42;194.88;262.95;288.3;242.56;244.87;161.2;286.96;210.93;240.01;283.03;217.41;128.25;225.72;314.48;212.36;41.34
01/01/83;312.17;243.18;94.24;433.29;266.32;151.62;281.48;333.25;329.28;258.95;452.29;242.68;293.26;176.08;170.31;243.67;269.24;413.54;328.62;296.14;330.96;395.04;275.05;85.93
01/02/83;188.16;260.19;251.16;210.77;184.03;227.22;136.36;180.32;275.26;202.0;213.08;110.51;146.58;221.2;213.42;124.29;252.31;238.56;206.69;191.94;262.75;200.23;236.84;144.73
01/03/83;220.41;275.03;145.39;247.58;200.52;148.76;277.45;208.94;272.98;248.71;255.75;247.8;172.86;151.59;253.28;171.26;252.99;276.52;220.79;180.49;247.64;235.18;249.85;107.94
01/04/83;141.9;95.65;214.8;122.1;98.27;167.92;256.5;205.8;50.85;145.07;124.2;168.0;149.91;182.4;135.5;115.5;115.99;149.1;149.29;70.59;93.17;108.81;68.13;36.88
01/05/83;120.9;44.03;341.0;40.46;74.48;280.24;439.58;35.96;12.69;171.12;49.91;301.56;121.88;354.02;142.54;158.28;63.53;46.81;27.43;10.35;53.95;55.19;24.1;9.28
01/06/83;80.4;15.41;119.1;9.43;82.64;153.96;179.7;1.8;1.3;140.02;12.0;224.34;42.29;187.8;169.69;34.56;24.57;9.0;1.94;2.3;11.81;38.89;5.75;10.49
01/07/83;41.23;8.61;300.7;32.34;45.33;473.2;121.52;23.25;6.35;55.0;40.61;90.01;27.04;483.91;45.73;44.49;15.5;31.0;17.76;6.98;6.49;38.5;6.02;15.83
01/08/83;0.31;39.73;106.95;0.0;4.34;150.92;8.68;0.0;0.0;8.85;0.0;5.72;0.44;61.38;20.99;7.43;26.01;0.0;0.0;0.18;7.67;1.99;6.65;12.93
01/09/83;156.0;43.83;90.9;91.29;203.2;151.4;262.2;89.1;48.22;203.18;109.2;243.07;141.9;218.1;236.3;42.85;34.63;115.8;74.97;30.28;25.61;139.97;47.33;1.27
01/10/83;171.12;251.46;153.76;166.83;163.68;140.33;215.76;166.78;162.16;157.42;178.25;154.0;222.66;158.72;133.0;99.96;208.19;192.51;161.14;95.57;209.61;164.4;166.92;5.87
01/11/83;133.8;158.17;89.7;232.99;174.3;132.91;219.9;267.6;243.87;129.99;214.8;143.24;168.68;124.5;124.62;162.39;137.81;214.5;255.85;233.47;123.46;215.11;203.73;27.6
01/12/83;239.94;235.2;123.07;311.29;308.26;129.88;83.7;268.15;226.15;229.99;320.54;187.25;186.83;157.17;220.72;165.72;195.42;343.48;252.83;221.42;205.07;322.98;254.51;24.31
01/01/84;145.08;183.68;270.94;149.81;151.12;185.98;166.16;158.72;168.4;164.16;155.62;136.26;205.92;134.23;166.64;197.49;129.86;143.84;155.68;113.79;87.07;137.49;139.24;57.36
01/02/84;80.33;294.5;160.37;68.64;46.14;116.83;118.03;149.35;156.85;62.9;70.76;63.79;102.87;97.73;28.75;248.91;292.71;89.61;144.21;62.59;274.21;54.43;199.63;56.75
01/03/84;97.96;305.74;117.18;121.83;104.55;102.88;155.62;191.58;234.15;96.64;109.43;138.4;134.05;124.31;81.16;186.62;200.47;127.1;205.17;136.56;138.37;117.03;277.96;176.62
01/04/84;110.7;243.35;191.7;92.01;73.84;150.81;145.2;112.2;206.3;116.56;96.3;154.7;115.58;155.7;128.24;594.96;303.66;90.3;125.91;83.52;192.77;78.94;230.27;228.24
01/05/84;36.89;90.45;279.0;27.42;48.38;147.2;115.63;26.04;16.5;55.36;34.41;75.94;27.11;108.19;56.23;24.18;76.57;45.57;21.27;13.84;52.75;34.75;45.04;81.62
01/06/84;6.6;20.98;268.8;0.0;0.52;214.3;44.4;0.0;0.27;16.88;0.0;59.92;1.65;196.5;5.54;25.39;12.58;0.0;0.0;2.53;1.94;0.3;7.52;42.67
01/07/84;6.82;14.37;152.52;1.69;4.88;122.29;35.03;0.0;2.55;27.46;2.48;24.67;0.98;83.08;38.56;9.96;11.14;0.62;0.87;3.09;1.95;4.45;3.57;40.81
01/08/84;74.09;28.74;142.91;41.8;46.13;194.78;83.39;82.15;23.09;95.52;42.78;130.45;55.47;199.02;74.94;34.69;28.01;64.48;60.61;37.09;21.7;44.65;26.42;17.38
01/09/84;64.5;126.92;179.1;67.86;88.15;137.69;99.6;62.1;76.16;88.54;77.1;125.33;51.27;146.1;82.94;50.38;93.88;57.6;69.65;47.12;80.94;78.18;69.16;29.73
01/10/84;50.22;195.73;144.15;98.42;63.86;101.52;78.43;147.56;160.09;47.54;95.17;40.97;72.56;57.66;43.66;118.34;171.64;97.65;146.69;91.78;138.14;77.56;160.29;27.3
01/11/84;88.2;134.32;150.3;164.97;134.21;139.51;213.9;86.1;78.4;106.59;190.5;145.87;97.86;189.0;91.23;202.21;151.08;121.2;79.39;92.64;148.79;169.94;102.82;25.07
01/12/84;221.03;169.23;95.17;280.59;265.95;144.09;275.28;169.26;165.24;188.55;291.71;202.07;251.88;155.0;137.61;204.94;151.77;248.31;163.19;165.97;144.59;292.74;165.9;24.88
01/01/85;311.24;442.86;76.88;593.36;558.67;55.0;53.32;448.57;444.21;247.41;604.19;99.04;147.9;42.47;275.48;288.92;331.27;423.15;444.67;527.15;374.85;628.09;436.85;172.82
01/02/85;174.44;325.48;196.28;115.85;181.49;205.45;165.2;128.52;182.89;198.95;133.28;222.82;124.81;235.76;217.25;151.53;268.85;132.72;132.83;96.28;190.73;158.32;279.83;195.78
01/03/85;183.52;281.03;210.49;185.01;264.83;147.85;135.78;184.45;224.26;206.1;198.4;200.24;144.52;137.95;230.76;175.91;252.13;202.43;193.27;134.68;250.64;212.49;228.79;167.94
01/04/85;90.9;266.72;249.0;37.46;31.25;149.78;161.7;109.2;157.14;82.51;30.6;175.09;119.81;162.3;50.69;175.55;213.71;53.1;110.32;64.53;172.8;33.18;212.41;334.24
01/05/85;39.99;78.62;225.37;26.41;25.28;110.7;119.35;35.34;35.37;54.2;27.59;100.25;54.18;121.21;60.44;28.02;69.79;29.14;31.87;28.99;28.2;30.53;52.5;129.35
01/06/85;9.0;20.23;99.9;0.41;6.94;47.89;56.1;0.0;0.0;25.36;0.6;33.56;10.22;29.7;34.73;11.75;23.11;0.9;0.0;6.89;3.23;3.46;4.79;76.47
01/07/85;9.92;32.14;185.07;0.0;0.77;84.43;76.26;1.86;5.24;13.63;0.0;32.48;40.02;75.33;6.69;32.94;18.3;3.1;2.73;2.26;8.05;0.44;12.95;36.09
01/08/85;3.1;7.72;201.5;0.94;8.99;146.95;24.8;0.93;9.19;10.87;1.24;8.17;5.37;73.78;21.97;30.47;23.09;1.55;1.94;6.55;3.94;5.41;3.74;27.95
01/09/85;31.8;108.22;186.6;36.15;59.63;120.11;24.9;49.8;87.86;61.27;35.1;59.9;27.23;107.4;92.26;71.02;104.09;30.9;61.55;41.69;116.51;47.9;72.94;10.14
01/10/85;48.36;223.07;65.72;103.31;62.05;82.22;88.35;214.83;263.72;42.79;79.98;52.96;58.06;80.6;36.7;72.05;156.56;111.91;218.59;134.28;127.58;79.79;210.13;18.15
01/11/85;132.0;145.82;27.0;148.26;185.74;58.02;69.3;149.1;185.13;127.85;139.5;115.04;153.35;81.3;128.5;161.51;153.47;165.9;159.59;165.43;138.77;172.36;149.08;30.07
01/12/85;104.47;333.37;37.82;273.5;217.9;70.5;57.66;259.47;413.93;116.56;252.34;59.88;66.07;48.67;170.89;172.07;301.65;194.37;298.64;368.39;233.73;248.98;372.21;217.02
01/01/86;230.64;278.48;121.21;235.09;194.8;146.03;186.93;194.68;176.8;195.1;233.12;187.79;167.37;188.48;134.5;186.05;292.3;258.23;189.77;210.37;300.8;210.26;252.72;63.54
01/02/86;214.48;226.59;171.36;173.17;222.28;135.24;182.0;145.88;213.39;244.46;194.6;210.78;164.15;143.64;243.62;260.66;300.94;178.36;161.15;109.09;281.49;184.1;209.03;94.52
01/03/86;203.67;315.59;215.14;103.28;170.76;123.56;80.91;114.08;223.76;239.34;112.53;172.33;143.65;131.44;261.91;192.32;362.86;145.7;146.31;85.49;320.97;116.3;268.91;225.85
01/04/86;47.7;276.86;281.7;38.09;41.2;167.93;183.6;54.0;98.71;74.17;33.9;107.25;77.21;156.0;87.34;105.31;231.33;33.9;70.79;59.56;200.72;40.13;199.46;111.58
01/05/86;139.81;51.24;212.97;32.51;77.37;143.84;203.67;21.7;10.96;118.03;42.16;107.9;112.64;148.49;79.38;105.28;97.01;82.15;15.92;12.05;51.2;51.06;40.37;49.52
01/06/86;0.3;16.13;108.9;1.58;4.29;54.28;19.8;0.0;0.7;12.31;1.2;11.11;1.38;26.7;23.37;9.01;9.88;0.0;0.14;4.27;1.2;4.41;7.29;24.75
01/07/86;45.88;26.44;93.93;26.33;49.66;63.89;44.64;15.81;4.08;63.75;32.24;44.39;22.5;37.82;90.61;23.52;27.23;30.07;11.76;7.71;15.26;35.0;9.33;21.15
01/08/86;94.24;47.58;129.89;64.2;69.47;92.0;106.95;73.78;37.8;92.05;70.99;124.94;71.55;79.67;72.45;70.75;58.89;96.1;62.36;27.16;73.74;62.51;36.96;21.4
01/09/86;23.4;126.25;154.2;28.04;27.14;150.98;126.3;25.8;22.48;44.34;34.8;79.05;46.85;150.0;56.95;62.23;94.32;47.1;23.0;9.24;99.84;24.79;46.7;15.35
01/10/86;70.68;237.4;140.43;65.43;39.97;130.0;95.17;107.88;167.61;65.63;55.49;88.01;79.88;120.9;45.28;92.12;170.8;107.26;131.73;126.33;188.03;39.53;173.31;57.32
01/11/86;97.2;211.17;291.0;118.88;128.26;190.5;162.6;136.8;119.1;115.92;132.6;109.32;159.12;146.1;118.36;174.06;214.08;96.3;125.61;72.87;228.45;135.84;163.34;60.44
01/12/86;315.27;235.84;77.19;313.36;349.84;129.98;168.64;292.95;262.83;328.21;331.08;264.09;180.35;212.04;330.89;150.29;221.17;371.69;276.91;211.79;251.56;323.4;253.25;43.98
01/01/87;242.73;251.78;155.0;159.5;209.28;166.3;158.41;206.15;188.71;258.58;168.95;212.04;191.45;186.31;266.29;246.62;249.96;193.44;191.7;84.52;259.58;178.48;176.14;41.67
01/02/87;227.64;254.11;155.96;114.65;157.51;154.33;201.32;161.84;159.68;202.74;126.56;188.59;184.84;173.32;156.36;139.76;300.75;129.92;159.49;57.73;310.0;118.51;189.32;48.3
01/03/87;124.31;367.42;116.56;176.66;135.63;69.74;88.35;226.61;271.2;128.3;165.54;91.83;131.82;46.5;127.68;151.62;290.19;167.4;245.98;194.93;254.39;161.39;302.48;173.67
01/04/87;112.5;173.04;248.4;119.32;127.66;196.09;175.2;150.0;157.03;139.69;119.7;136.93;118.52;164.4;195.17;115.74;179.45;111.3;143.29;93.58;138.97;117.61;123.45;60.86
01/05/87;131.13;68.5;113.46;18.91;74.79;246.82;212.66;21.7;37.01;170.31;21.08;246.05;100.11;341.62;162.03;62.1;92.31;38.44;23.87;28.71;50.14;41.68;40.78;38.24
01/06/87;19.5;34.47;131.4;7.72;39.07;118.16;96.3;2.7;4.15;83.18;8.1;142.4;54.24;125.4;129.59;50.13;70.9;6.6;4.94;4.06;21.2;24.88;12.05;49.58
01/07/87;17.67;4.42;276.21;3.44;11.37;199.15;60.76;0.0;6.32;23.14;4.03;46.85;11.93;117.49;21.08;30.44;7.17;4.03;1.59;2.78;1.24;7.05;2.88;31.72
01/08/87;6.51;49.06;141.67;2.52;8.16;148.09;34.72;0.93;0.14;16.39;3.41;26.39;12.58;88.66;17.2;24.89;22.45;4.03;0.5;1.0;9.81;5.88;7.39;9.0
01/09/87;59.4;64.2;112.5;71.42;82.85;119.24;71.7;60.6;54.72;77.67;81.9;86.41;61.7;103.2;94.62;32.31;51.41;63.0;55.98;35.11;30.72;77.26;71.5;8.74
01/10/87;84.32;165.52;160.27;117.5;92.81;188.82;222.27;173.91;141.44;102.21;128.03;129.71;154.01;185.38;113.81;103.87;118.09;148.49;154.25;50.29;110.5;95.32;132.83;7.63
01/11/87;210.0;221.69;101.1;174.29;161.05;101.62;221.7;310.2;255.67;161.09;150.0;208.86;171.61;102.6;82.62;182.24;245.49;196.2;294.39;197.44;288.91;146.11;187.58;33.14
01/12/87;146.63;271.13;121.52;303.61;216.07;133.75;157.48;342.86;288.3;145.92;279.0;125.79;179.87;139.81;183.03;217.73;265.79;297.29;324.65;280.43;305.1;261.96;276.83;29.9
01/01/88;248.31;250.92;194.99;197.1;170.46;178.52;146.63;213.9;155.98;232.39;210.49;201.74;149.61;135.47;192.24;199.4;262.55;182.28;188.32;141.87;259.81;184.22;207.51;71.75
01/02/88;216.63;376.01;78.3;249.18;258.1;67.02;136.01;352.64;253.39;211.22;269.99;130.76;222.2;102.95;260.14;219.73;393.35;291.16;313.43;137.61;422.58;262.01;296.01;66.39
01/03/88;137.64;274.13;60.45;169.24;131.93;53.65;94.55;244.59;269.22;139.82;154.38;129.04;184.72;68.2;139.25;198.56;257.1;163.37;266.27;205.72;241.04;143.72;267.48;198.78
01/04/88;115.8;245.93;193.2;138.04;116.0;160.7;171.3;178.5;168.17;136.1;154.8;173.61;109.72;160.5;143.69;140.4;242.46;136.2;153.32;80.48;171.76;122.28;210.48;262.31
01/05/88;70.99;80.62;77.19;16.48;57.64;162.14;165.54;19.53;13.99;135.86;21.7;240.62;61.06;263.81;146.4;51.9;105.19;39.99;12.88;8.34;36.21;34.57;37.78;29.08
01/06/88;11.1;26.93;160.5;8.71;21.44;149.09;44.4;24.6;4.95;35.61;9.0;61.23;7.51;113.1;51.14;4.98;29.39;13.5;17.19;5.1;12.66;12.08;19.32;65.38
01/07/88;0.31;5.78;44.33;0.0;1.88;21.19;2.48;0.0;0.51;7.63;0.0;8.71;0.4;12.09;17.01;9.17;4.21;0.0;0.43;2.06;0.88;1.15;1.97;41.31
01/08/88;0.0;3.34;39.37;0.0;0.34;21.82;8.68;0.0;0.0;1.84;0.0;3.45;0.27;13.33;3.21;3.88;1.28;0.0;0.0;0.79;0.34;0.46;2.5;15.83
01/09/88;11.1;39.95;306.3;15.42;30.45;235.76;25.8;18.6;12.82;36.13;19.8;61.21;20.01;131.7;49.29;35.23;45.7;21.6;17.34;6.37;16.35;25.5;16.18;12.68
01/10/88;172.67;230.25;169.26;123.29;173.21;155.18;199.33;151.59;129.18;169.47;131.75;165.94;124.04;167.71;172.36;79.57;203.03;142.29;139.59;82.27;175.88;129.18;134.13;30.91
01/11/88;79.5;294.08;94.8;149.59;123.14;79.77;82.2;226.5;171.73;78.55;141.3;38.82;85.59;51.6;103.7;130.03;313.29;165.0;204.4;121.95;342.5;129.82;238.49;51.48
01/12/88;147.87;298.33;98.58;246.76;179.8;127.8;107.57;266.6;276.18;164.63;228.16;129.54;216.66;131.44;179.67;210.06;315.92;234.36;274.55;275.44;342.04;208.37;303.23;106.84
01/01/89;287.06;288.15;174.22;159.8;214.21;242.0;319.61;202.12;217.49;268.9;171.12;307.16;246.12;283.03;219.01;199.79;279.45;196.54;205.16;85.83;301.65;168.3;230.03;91.53
01/02/89;279.72;240.74;65.52;232.16;205.43;140.23;167.72;241.64;181.85;254.58;255.36;193.75;188.4;208.88;202.15;193.17;301.21;218.4;219.18;117.51;288.42;218.81;171.39;33.8
01/03/89;119.97;309.18;149.42;163.56;182.82;113.89;155.31;184.45;207.7;152.74;171.43;167.97;129.22;114.7;184.13;161.7;345.29;132.37;188.06;120.82;371.99;159.7;292.48;166.23
01/04/89;28.2;227.89;132.9;22.53;48.84;122.12;92.7;56.4;138.73;79.13;25.2;80.97;71.74;114.3;122.08;147.19;210.67;48.3;68.43;34.02;149.29;32.17;198.18;115.19
01/05/89;60.14;112.93;40.3;6.63;20.09;121.64;48.05;6.82;56.32;67.72;8.99;69.33;57.92;154.38;63.59;47.99;114.85;30.38;22.29;10.85;63.0;12.41;89.39;106.84
01/06/89;50.7;47.54;118.8;19.12;38.03;85.94;115.2;27.9;7.91;58.83;15.6;84.57;44.71;74.4;83.04;48.75;59.32;18.3;20.77;19.77;31.39;31.84;26.29;51.91
01/07/89;49.29;20.44;95.17;20.7;43.42;108.11;62.31;25.11;8.55;78.49;25.42;94.1;27.3;127.72;93.21;39.57;23.55;35.03;19.91;6.6;15.06;30.77;16.62;57.97
01/08/89;30.38;39.89;171.43;22.65;13.79;126.93;263.5;58.59;25.36;30.27;25.11;75.08;70.55;110.36;22.16;36.47;56.74;67.27;45.29;7.58;55.67;18.02;43.64;29.09
01/09/89;74.7;92.71;289.5;69.23;76.38;295.46;153.9;115.8;45.12;97.9;75.9;152.65;101.16;253.8;106.08;44.53;76.23;79.5;91.46;44.44;76.33;69.47;63.92;19.45
01/10/89;46.5;185.21;147.25;103.11;64.9;108.91;136.4;128.65;178.26;63.45;98.58;85.54;118.93;127.1;65.13;107.15;146.09;83.08;143.97;73.78;160.11;90.96;154.81;43.99
01/11/89;163.5;168.14;99.0;272.73;169.21;97.43;141.0;262.8;225.9;130.93;285.3;101.07;143.47;90.0;96.8;132.47;146.15;255.3;249.09;231.65;147.91;231.35;218.34;57.84
01/12/89;292.64;412.88;133.61;453.21;237.23;105.62;188.17;454.46;409.01;224.32;419.74;288.68;267.37;129.27;125.2;223.92;389.71;373.55;448.82;557.45;460.16;347.13;397.14;304.18
01/01/90;219.79;205.21;155.93;99.98;144.32;238.83;300.7;172.36;157.6;232.5;101.06;283.94;186.1;327.36;170.88;218.59;270.63;169.57;160.51;57.56;273.33;103.12;153.02;33.12
01/02/90;126.84;391.79;125.44;200.44;171.6;135.42;72.52;155.68;247.62;122.26;212.8;92.37;77.7;118.44;109.77;220.75;394.46;158.2;191.84;186.64;431.53;180.4;255.43;100.34
01/03/90;192.82;215.14;172.98;124.08;136.14;151.51;162.44;134.23;160.64;194.67;142.29;156.42;156.05;147.87;162.12;157.77;224.17;142.29;140.73;66.17;215.75;132.24;197.74;38.49
01/04/90;89.1;136.48;313.2;42.25;58.13;238.97;165.6;80.4;76.92;94.1;45.3;155.58;109.1;242.1;96.46;95.15;162.19;84.3;73.41;22.25;145.8;47.82;96.38;77.69
01/05/90;58.28;76.41;207.08;46.29;58.7;197.15;129.27;67.58;77.54;60.04;48.36;87.36;111.45;191.89;58.19;118.37;94.85;50.22;65.12;32.05;87.27;53.21;64.78;55.71
01/06/90;8.1;12.33;205.8;0.0;6.38;202.62;105.9;0.3;0.13;30.07;0.0;71.38;18.75;225.9;38.99;41.98;15.47;0.6;0.16;2.03;3.88;2.98;3.24;36.45
01/07/90;38.44;41.04;99.82;32.58;34.26;118.05;95.79;36.58;11.6;84.99;35.34;160.29;27.07;170.81;81.93;43.89;31.47;14.57;26.03;18.6;8.9;32.8;26.2;36.48
01/08/90;75.02;48.85;51.46;18.29;42.92;103.99;182.28;23.25;8.7;70.22;18.29;120.54;95.54;179.18;48.54;41.53;69.29;31.31;17.76;21.2;76.33;35.66;13.93;18.37
01/09/90;48.3;138.29;175.8;39.38;54.95;185.9;152.1;57.6;64.25;77.57;42.9;130.95;127.79;194.7;97.11;64.81;100.73;38.4;62.64;22.84;105.74;45.56;94.5;17.81
01/10/90;81.53;158.4;218.55;111.25;112.73;250.07;148.8;131.13;123.09;87.67;120.9;108.61;113.87;236.53;91.3;118.32;116.5;127.41;129.25;85.78;115.28;113.49;131.63;28.11
01/11/90;107.1;137.28;244.5;111.81;128.51;177.95;129.0;230.4;136.37;101.76;96.0;151.74;180.37;175.8;83.93;169.7;159.38;136.5;190.12;121.6;141.22;120.4;125.93;51.16
01/12/90;141.67;242.25;119.66;121.73;132.28;108.28;110.67;145.08;168.65;122.51;115.63;107.1;150.91;103.23;101.75;202.25;204.48;161.82;154.91;134.48;200.99;122.28;200.88;24.82
01/01/91;343.48;327.79;99.51;334.98;364.65;125.26;171.12;283.65;232.63;281.65;353.09;196.04;240.72;135.16;215.45;207.24;315.45;354.33;264.57;237.96;334.53;378.95;290.49;74.07
01/02/91;159.04;252.42;29.68;184.61;199.85;55.9;65.52;224.84;185.31;181.32;180.88;122.17;147.35;64.12;200.58;172.28;261.97;175.84;214.4;115.96;251.63;179.24;182.33;59.12
01/03/91;283.34;363.4;79.67;343.89;289.67;65.49;125.24;253.58;340.33;292.85;379.13;182.04;200.32;83.08;319.36;151.8;312.9;340.07;277.57;199.18;309.43;302.99;301.58;174.57
01/04/91;114.3;196.51;225.3;81.74;100.47;139.18;121.2;166.5;127.24;99.71;76.5;92.96;97.7;125.1;85.75;92.07;217.59;98.1;144.26;67.49;193.81;81.5;141.65;46.56
01/05/91;34.1;98.83;79.05;9.18;51.26;51.88;66.03;4.96;15.63;43.08;10.85;52.07;25.1;56.73;65.96;62.38;92.46;15.5;3.8;9.38;32.72;27.52;50.84;64.85
01/06/91;13.5;24.21;222.6;0.0;10.16;210.27;163.8;0.0;2.57;40.43;0.0;128.5;57.2;240.0;45.82;56.46;19.23;1.5;1.26;1.66;8.65;5.14;10.78;45.36
01/07/91;22.01;5.15;124.0;1.9;19.98;94.93;21.7;0.0;0.0;22.71;2.79;19.65;10.61;56.73;28.25;23.47;5.46;4.96;0.0;2.05;0.48;9.3;6.71;21.74
01/08/91;5.58;5.72;56.42;0.0;4.07;93.54;40.92;0.0;0.0;16.9;0.0;35.04;3.28;80.6;21.14;7.97;3.8;0.62;0.0;1.19;0.24;3.02;0.46;30.45
01/09/91;49.2;88.49;78.3;29.35;54.05;68.03;129.0;34.5;59.19;61.18;30.3;78.36;38.85;60.6;79.06;74.08;63.0;21.3;44.01;27.53;62.63;46.78;53.52;6.58
01/10/91;92.69;144.99;123.38;90.36;100.15;193.84;94.24;115.01;64.94;119.08;95.48;114.63;82.98;225.37;126.85;91.09;107.23;93.62;94.05;36.74;106.96;88.59;105.17;1.55
01/11/91;54.3;154.5;58.8;167.54;112.85;86.1;134.1;158.4;203.69;67.06;158.4;121.67;62.08;72.6;81.31;152.91;138.55;102.0;163.72;183.68;162.18;153.56;143.03;47.44
01/12/91;226.61;178.4;238.7;211.11;202.1;214.32;231.57;285.2;186.76;217.99;196.54;223.23;209.72;219.17;188.11;146.35;159.05;261.33;246.46;162.13;175.09;196.2;209.44;19.29
01/01/92;186.93;332.74;119.66;414.65;328.66;137.14;58.28;341.62;329.95;165.47;434.93;75.89;174.62;124.0;178.11;210.32;269.24;308.14;342.63;395.23;321.15;394.3;339.26;174.79
01/02/92;209.09;313.86;237.22;239.97;140.26;128.91;154.57;311.46;275.26;162.66;233.16;155.29;154.17;135.72;87.1;191.53;344.71;222.72;292.53;191.97;350.89;194.79;275.04;147.27
01/03/92;200.57;277.73;148.18;140.86;150.87;187.12;170.19;183.21;132.94;204.08;166.16;204.49;188.87;195.61;165.9;199.38;288.26;185.69;158.35;63.78;283.47;131.23;214.78;79.68
01/04/92;101.1;147.85;102.0;76.87;81.92;61.46;239.1;168.0;138.46;86.95;76.2;89.64;120.19;64.2;76.61;118.21;142.52;106.5;144.92;60.13;148.88;77.03;122.1;46.83
01/05/92;72.54;43.21;310.31;18.93;74.49;296.17;322.4;15.19;15.07;88.53;21.39;230.97;149.57;398.04;72.2;74.43;35.07;36.27;12.88;8.38;12.0;37.26;20.89;11.33
01/06/92;1.2;11.18;141.0;0.5;2.23;114.97;60.9;0.0;0.17;6.72;0.6;24.96;13.22;96.0;7.77;43.41;8.8;0.0;0.14;4.4;0.9;2.63;4.88;36.58
01/07/92;16.74;14.85;116.87;0.85;34.28;151.29;92.07;0.0;0.14;42.14;1.24;47.89;11.34;142.6;74.6;30.0;9.34;1.86;0.0;3.47;1.25;13.31;4.65;37.42
01/08/92;32.24;28.13;110.05;8.39;18.55;138.68;88.35;8.68;3.23;38.34;4.65;55.24;21.01;157.48;35.21;70.12;61.99;9.92;7.23;7.57;44.4;10.74;7.39;9.94
01/09/92;125.4;110.12;175.5;76.77;132.05;154.03;120.6;99.0;61.28;122.93;94.2;129.31;121.75;132.9;130.73;133.19;115.53;81.3;93.4;27.71;102.63;101.79;89.79;30.48
01/10/92;232.5;159.57;189.1;163.72;173.41;107.25;240.25;234.36;138.91;198.92;187.24;130.91;162.01;115.94;155.46;113.12;186.56;214.52;193.6;110.85;219.23;171.54;121.99;10.26
01/11/92;101.7;204.44;107.1;253.76;175.71;122.05;143.1;255.9;224.2;149.35;228.9;164.36;138.22;137.7;223.38;160.33;207.3;185.4;247.93;219.06;207.99;226.79;205.0;28.09
01/12/92;143.84;251.15;79.67;281.54;167.72;73.64;75.95;261.95;313.38;141.53;284.89;85.15;87.87;67.58;145.97;227.27;253.12;194.06;285.8;302.75;279.18;247.07;247.29;52.44
01/01/93;184.45;154.59;237.77;121.36;188.39;197.22;185.69;151.59;113.54;208.59;126.48;248.64;138.21;186.31;190.01;253.28;177.63;121.21;128.75;73.87;132.12;159.12;142.66;63.94
01/02/93;289.8;341.23;85.12;232.83;263.13;123.78;121.52;271.6;313.87;294.65;224.56;275.3;215.93;136.92;239.91;184.86;343.99;299.88;279.3;133.82;369.1;202.53;280.19;24.83
01/03/93;140.74;197.26;176.08;55.73;121.78;111.71;126.48;103.54;93.08;145.47;70.99;102.95;106.6;107.26;161.08;180.67;191.53;130.82;90.53;23.9;156.82;79.87;141.06;21.52
01/04/93;135.3;119.0;88.2;76.91;79.54;103.39;95.1;58.5;76.83;112.92;79.2;102.17;69.23;98.7;83.28;107.39;127.36;95.1;53.74;58.86;73.4;77.27;119.14;22.46
01/05/93;56.11;70.08;202.12;15.14;29.16;176.43;168.64;24.8;52.29;69.07;9.92;133.21;63.16;155.0;55.69;48.02;54.43;18.6;33.62;22.57;39.03;16.61;58.61;22.32
01/06/93;41.7;28.62;127.8;14.18;42.04;102.09;84.6;9.9;11.27;61.28;17.7;97.79;36.0;97.2;74.26;22.64;9.67;27.0;10.6;3.13;11.32;24.16;19.25;33.45
01/07/93;10.85;10.21;135.47;1.27;2.82;172.27;84.94;0.0;0.0;19.88;1.86;46.17;12.96;131.44;13.93;23.37;14.32;0.0;0.0;3.09;8.32;2.22;0.63;17.85
01/08/93;50.53;38.83;20.46;18.61;13.59;29.46;8.99;46.5;15.44;46.29;16.74;34.05;26.41;20.77;25.1;34.33;23.7;44.33;34.21;7.15;16.5;12.0;25.7;24.08
01/09/93;108.6;81.4;102.3;37.49;88.98;175.54;174.6;64.5;54.63;163.27;39.3;217.15;89.35;257.7;149.13;66.6;61.27;88.2;60.02;22.59;47.92;57.53;63.26;8.63
01/10/93;92.07;162.93;165.54;49.91;80.28;151.42;137.95;93.31;87.38;96.61;52.08;114.55;76.08;176.08;96.05;120.58;178.57;81.22;80.16;44.67;159.69;71.2;98.41;37.79
01/11/93;91.8;178.83;201.9;126.63;92.72;129.72;153.9;162.9;138.78;94.76;123.3;94.21;92.04;90.6;90.45;140.58;184.2;153.6;153.53;101.15;215.59;109.9;166.91;30.02
01/12/93;230.33;238.05;198.09;294.17;237.13;211.76;174.22;343.48;180.36;205.58;283.34;218.85;231.61;226.92;197.22;197.09;260.49;338.83;287.11;198.15;263.19;258.74;275.03;18.77
01/01/94;292.33;321.48;79.67;242.46;252.43;98.21;104.78;279.31;297.27;251.23;247.38;215.14;240.06;132.37;191.5;192.81;302.57;329.84;272.52;182.29;341.47;243.05;298.38;144.9
01/02/94;159.88;287.34;309.12;94.6;112.18;279.31;138.88;156.52;126.36;162.69;106.96;154.74;146.19;298.48;130.01;183.74;351.91;200.76;143.86;85.59;321.5;89.98;203.97;85.8
01/03/94;163.06;323.36;91.45;318.41;265.79;102.42;93.0;326.12;297.18;176.86;298.53;110.49;163.05;89.28;236.54;146.69;347.51;259.47;323.66;307.09;370.12;293.48;303.66;105.55
01/04/94;93.3;176.5;199.5;46.94;70.05;191.14;64.2;98.7;109.13;104.19;29.7;100.0;64.97;148.5;112.9;127.41;186.77;52.5;103.88;80.98;154.47;53.06;126.03;114.41
01/05/94;33.17;72.44;230.02;36.77;102.16;229.37;198.4;29.76;16.42;52.1;48.98;90.6;72.51;154.38;78.0;57.24;89.21;24.49;21.09;10.32;51.07;65.64;40.33;45.93
01/06/94;18.0;94.43;168.9;9.94;20.39;145.84;105.9;21.3;34.87;41.55;10.8;81.25;39.97;152.1;62.59;54.35;64.15;12.3;24.38;9.48;37.07;14.1;38.53;154.73
01/07/94;19.84;20.06;190.03;1.58;10.82;121.44;50.84;7.44;5.73;32.73;2.17;55.57;25.75;103.85;33.21;13.57;26.6;10.23;8.45;2.42;20.79;5.26;14.9;64.09
01/08/94;0.0;18.43;104.16;0.0;1.72;52.69;16.12;0.0;0.0;5.3;0.0;3.09;2.0;15.5;18.1;16.31;12.8;0.0;0.0;0.26;5.44;0.97;2.27;16.23
01/09/94;6.9;78.77;141.0;0.82;2.02;89.41;63.0;4.2;3.07;19.65;1.2;28.1;19.42;72.0;34.82;68.06;81.89;1.8;3.36;0.91;67.32;1.49;28.68;20.11
01/10/94;148.18;245.4;292.95;100.11;116.75;230.81;168.33;96.72;77.41;133.55;122.45;152.36;115.54;210.8;91.42;134.95;193.51;173.6;86.17;33.74;225.6;99.35;131.42;1.91
01/11/94;131.7;260.33;153.0;211.66;143.49;123.13;179.7;247.8;187.65;147.43;194.7;149.84;131.45;164.4;140.86;112.71;197.71;191.4;248.36;158.33;253.07;170.74;235.47;13.65
01/12/94;208.94;257.01;149.11;201.85;257.32;160.52;150.35;300.39;248.32;224.99;215.14;197.58;185.65;153.45;215.37;202.71;268.24;267.53;271.92;126.43;300.74;221.42;235.91;49.46
01/01/95;243.35;277.14;168.33;146.42;204.08;235.41;304.11;239.32;146.61;288.47;146.32;349.2;219.19;305.35;249.33;214.55;301.83;216.69;191.19;113.58;307.77;146.76;188.19;42.7
01/02/95;393.68;365.83;132.72;204.18;301.14;170.85;160.72;227.64;252.31;364.31;233.52;253.26;300.96;194.04;303.79;222.93;409.92;331.52;226.73;159.66;445.51;233.43;284.39;99.9
01/03/95;170.5;261.72;159.96;183.88;181.94;91.4;141.98;253.58;228.14;190.2;195.3;147.69;131.33;98.27;196.98;181.54;269.09;232.5;247.65;140.85;286.1;187.77;223.39;97.87
01/04/95;61.2;333.31;69.0;39.43;45.19;85.98;110.7;133.2;211.22;72.28;38.1;87.43;78.65;80.7;61.58;92.86;352.99;54.6;147.47;65.93;296.33;50.69;225.91;100.89
01/05/95;65.72;168.58;61.07;41.33;60.14;35.11;27.9;46.81;69.12;71.34;47.43;51.3;32.93;29.45;91.7;68.38;177.07;92.38;51.15;40.51;146.62;45.73;126.12;62.45
01/06/95;20.1;11.7;106.5;2.46;11.08;123.4;55.2;2.7;0.13;36.98;3.6;45.13;31.7;101.1;51.78;13.02;20.35;7.8;1.44;0.71;3.99;5.78;1.08;77.8
01/07/95;12.71;10.23;146.32;0.0;8.52;154.34;47.12;0.0;0.0;28.25;0.0;54.29;7.26;106.64;31.52;20.69;7.44;0.62;0.0;1.13;1.43;3.12;2.59;41.7
01/08/95;1.55;3.77;99.82;0.21;2.62;82.54;12.4;0.0;0.0;24.01;0.31;21.49;1.06;62.93;53.31;11.34;5.75;0.0;0.0;0.64;5.39;1.78;1.07;14.49
01/09/95;41.7;65.46;174.0;22.78;48.5;192.99;101.1;16.5;10.83;66.29;32.4;164.35;39.87;223.5;90.89;41.03;43.82;30.9;17.48;3.93;47.25;36.71;24.93;5.19
01/10/95;140.43;151.89;125.55;97.36;144.81;155.63;205.22;115.01;80.84;160.73;99.82;172.61;145.63;178.87;196.72;81.34;192.17;92.69;99.4;67.2;186.71;114.97;105.95;3.1
01/11/95;93.0;259.63;20.1;179.85;140.72;47.57;75.9;183.3;217.56;104.4;168.9;68.64;99.81;55.2;137.17;175.76;249.14;97.5;189.59;179.99;244.85;161.36;250.36;60.73
01/12/95;274.66;272.96;70.37;274.13;310.95;109.25;150.04;295.12;250.83;259.12;309.07;206.72;199.15;137.95;230.01;216.31;328.29;234.05;270.4;232.2;333.95;348.46;244.17;53.13
01/01/96;244.28;286.98;321.78;137.3;192.53;306.82;217.0;173.29;186.57;241.26;163.68;247.11;207.6;307.83;225.9;257.53;301.88;259.16;163.03;66.04;276.81;159.13;228.1;43.14
01/02/96;137.46;208.39;246.5;120.12;178.22;188.09;152.54;167.91;105.97;180.4;140.65;163.57;151.96;217.21;262.28;150.82;218.31;185.31;139.51;66.21;193.64;151.94;178.88;95.19
01/03/96;204.91;252.21;117.18;122.75;163.74;219.74;178.56;193.44;222.98;269.56;118.42;248.67;198.83;314.34;328.02;179.52;269.77;193.75;204.57;111.01;214.25;128.69;215.25;83.84
01/04/96;53.7;296.19;125.1;74.63;67.35;73.22;81.3;132.9;140.58;67.86;73.2;88.24;87.65;60.9;86.2;114.56;315.15;72.6;135.42;84.65;299.62;71.04;210.9;160.9
01/05/96;62.31;86.13;44.64;22.37;46.07;37.23;74.09;14.88;38.56;56.43;25.42;36.99;80.95;38.44;54.09;52.96;105.78;33.79;20.95;19.72;85.39;29.92;58.82;68.23
01/06/96;19.5;9.89;120.0;2.48;11.26;149.25;39.6;0.3;2.3;35.77;2.1;39.55;9.84;138.3;48.78;12.92;11.64;7.8;1.42;5.56;3.16;4.65;1.79;43.28
01/07/96;5.58;15.71;79.67;1.55;2.02;124.07;13.02;0.0;0.0;15.97;1.55;32.83;5.15;150.35;17.58;6.73;10.02;1.86;0.0;0.69;1.66;1.92;0.88;20.79
01/08/96;18.6;43.54;190.65;11.08;19.92;203.68;37.2;30.69;6.45;33.1;13.64;76.55;14.88;185.69;32.5;33.42;38.82;16.12;21.58;4.06;27.05;15.19;13.52;52.22
01/09/96;103.8;60.56;90.9;45.43;112.78;142.49;112.5;28.8;19.17;133.44;60.0;146.12;83.75;164.4;159.71;85.52;68.84;57.0;27.12;10.65;55.44;74.59;31.0;8.65
01/10/96;142.29;182.18;155.62;78.8;127.69;151.02;274.97;128.34;124.67;149.25;75.95;161.85;139.93;190.03;132.84;100.19;179.64;95.79;121.98;71.01;192.87;96.06;122.76;11.48
01/11/96;201.6;242.07;96.0;239.53;258.38;125.91;181.5;259.5;235.58;166.98;262.2;144.6;184.15;144.3;173.57;163.16;249.76;253.8;247.47;208.53;281.11;271.38;221.98;120.17
01/12/96;266.6;237.72;167.09;293.48;300.02;165.37;262.26;229.09;175.16;262.74;316.51;249.07;174.91;203.98;241.45;173.19;261.72;305.97;203.36;160.31;291.96;301.1;178.91;26.34
01/01/97;303.49;360.59;104.78;323.29;333.49;188.07;248.62;288.61;264.23;296.69;357.74;285.73;230.14;239.01;288.57;215.03;318.64;328.29;277.05;205.8;322.67;322.23;334.18;118.64
01/02/97;137.2;169.42;190.68;123.55;106.04;195.31;194.04;140.84;159.52;121.68;134.4;196.99;138.9;210.28;84.25;228.23;190.97;97.44;138.88;95.65;159.82;115.61;153.13;56.75
01/03/97;111.6;430.2;44.02;221.32;141.66;59.15;58.59;305.04;381.22;91.73;206.46;66.83;106.28;74.71;86.15;235.93;435.29;199.02;331.2;304.03;423.35;182.31;328.61;230.4
01/04/97;42.9;180.48;76.2;76.81;53.16;51.6;54.3;122.7;189.91;46.66;75.0;42.66;77.86;47.1;53.6;99.3;178.86;71.4;139.49;89.49;141.51;65.74;149.9;102.25
01/05/97;67.89;67.2;118.11;27.9;32.24;84.86;119.97;56.11;23.47;70.88;25.73;71.32;56.74;95.17;65.77;53.42;86.24;34.1;42.96;17.56;57.41;25.7;45.33;96.85
01/06/97;139.5;31.17;170.4;48.12;64.84;154.09;262.5;54.3;8.84;128.24;58.5;243.68;170.61;184.8;76.15;50.61;31.98;99.0;35.42;13.74;46.77;51.01;29.33;32.25
01/07/97;9.92;4.0;103.54;0.9;9.86;139.31;64.48;1.24;0.51;15.66;0.31;41.57;5.03;135.47;12.66;9.25;2.47;0.31;1.1;2.3;0.02;4.07;0.12;47.46
01/08/97;5.58;16.04;173.91;0.0;3.19;192.92;59.52;0.0;0.14;26.83;0.0;53.58;10.27;146.63;33.38;24.23;15.94;0.0;0.0;0.17;1.57;1.84;0.67;36.28
01/09/97;61.8;74.17;150.6;59.06;53.16;159.34;205.2;55.8;56.83;94.41;64.2;158.7;43.02;183.6;103.02;63.9;83.27;36.6;56.78;22.81;79.23;55.24;48.7;0.11
01/10/97;82.77;112.6;295.74;64.5;72.46;270.46;170.81;74.09;132.37;94.4;66.96;138.09;56.65;304.42;70.81;86.18;95.38;85.25;90.42;82.1;109.47;66.73;98.55;19.31
01/11/97;201.6;125.14;219.6;158.33;191.93;186.8;201.0;148.5;107.07;188.81;177.0;202.85;203.02;218.1;176.33;102.63;138.05;203.7;129.06;95.85;153.3;174.45;137.62;42.88
01/12/97;124.62;214.57;277.45;284.56;208.58;212.2;161.51;190.96;218.37;150.94;315.27;185.86;172.46;191.58;185.86;155.93;229.01;213.9;194.0;165.52;272.25;267.87;219.88;39.69
01/01/98;128.34;219.11;275.9;181.45;186.65;300.39;158.72;232.81;246.94;150.73;204.29;180.62;160.66;309.69;164.06;103.53;193.9;202.43;221.39;144.09;172.9;197.04;270.67;79.03
01/02/98;244.16;222.96;361.76;176.6;214.16;283.88;212.24;228.2;210.45;271.2;191.8;253.12;168.95;290.64;259.98;214.9;220.7;256.2;231.46;143.92;239.68;190.21;258.46;41.29
01/03/98;163.06;180.57;222.89;102.27;119.0;247.96;156.86;199.33;139.64;172.93;105.71;238.48;163.89;310.62;147.9;172.88;255.25;146.63;174.47;72.76;224.73;99.11;144.82;34.3
01/04/98;84.3;131.6;257.7;27.57;50.43;221.86;295.8;67.5;40.36;87.75;30.9;218.47;117.3;282.3;55.86;90.11;148.58;60.6;51.97;10.98;118.91;33.7;63.51;17.6
01/05/98;76.57;87.17;155.93;63.86;79.87;128.24;106.64;27.9;23.31;82.09;84.63;76.0;76.57;100.75;96.27;37.8;71.18;57.04;22.99;18.64;30.96;72.19;57.61;8.76
01/06/98;6.0;22.81;116.4;0.7;4.15;99.47;65.7;2.7;6.81;17.15;0.6;50.78;8.44;84.6;18.87;23.75;16.66;0.0;3.68;0.78;1.38;2.32;9.18;41.52
01/07/98;3.41;15.89;157.17;0.0;2.78;146.51;24.49;0.31;0.86;18.17;0.0;56.09;8.17;131.75;19.64;6.84;8.19;0.0;0.89;0.87;0.58;1.36;4.12;42.95
01/08/98;64.79;9.12;218.55;27.74;45.29;213.41;187.86;4.96;2.23;61.35;39.06;131.44;81.99;232.81;29.69;37.28;24.22;41.85;4.53;5.3;18.98;39.42;4.69;23.57
01/09/98;57.0;68.0;159.3;6.9;38.93;176.31;206.1;19.5;14.69;89.04;9.0;181.23;76.9;234.6;100.17;83.47;57.72;36.0;17.82;2.05;53.96;19.74;44.33;7.21
01/10/98;152.83;201.55;181.97;121.02;230.08;154.09;190.03;137.33;61.96;170.59;131.75;186.88;154.85;237.77;186.43;124.28;211.52;163.99;109.87;58.09;219.62;172.71;104.74;4.39
01/11/98;63.3;225.65;44.7;180.81;119.22;54.13;47.4;197.1;183.87;53.88;177.0;28.41;67.33;42.0;76.01;164.89;231.8;104.4;190.81;216.88;283.22;168.26;211.92;51.88
01/12/98;276.52;201.08;136.4;207.9;210.7;142.56;161.82;209.56;184.08;236.72;209.87;204.33;269.61;145.39;158.93;194.51;202.24;189.41;204.07;178.15;223.8;204.2;181.7;46.54
01/01/99;301.01;264.61;85.87;165.91;237.84;148.31;208.32;181.66;225.06;306.21;194.06;255.24;249.51;172.36;268.56;214.73;297.06;212.97;184.41;116.99;325.37;204.94;233.04;69.27
01/02/99;209.16;245.69;136.36;162.95;185.02;153.96;165.76;156.24;143.02;231.08;164.64;229.64;150.29;197.96;203.39;208.21;273.52;133.28;147.1;126.34;281.63;151.38;178.24;49.53
01/03/99;140.12;249.3;112.53;206.34;194.73;78.01;119.66;183.52;187.85;154.77;218.55;131.34;154.88;82.46;162.32;214.73;260.3;200.88;186.7;160.08;269.17;202.46;231.86;94.52
01/04/99;75.9;164.93;196.2;15.37;40.98;170.33;82.5;35.1;49.83;80.39;16.8;95.24;56.17;149.4;78.02;95.31;145.08;38.7;35.66;12.88;100.29;30.11;82.05;35.24
01/05/99;30.69;106.17;165.85;7.83;8.02;102.81;129.27;48.05;19.97;39.79;5.27;78.91;34.69;93.31;34.4;61.61;79.51;14.26;31.86;12.62;36.4;5.6;63.37;51.08
01/06/99;42.9;21.31;120.3;6.65;29.5;91.17;138.9;2.4;0.33;60.92;9.6;96.08;33.74;125.4;70.84;49.7;24.38;9.0;1.56;1.59;9.93;15.61;2.82;20.75
01/07/99;5.58;4.35;194.06;3.27;9.37;190.86;45.26;0.31;0.0;22.41;4.65;59.81;10.52;181.97;22.47;19.92;5.43;4.03;0.17;1.47;2.56;5.9;0.58;37.1
01/08/99;0.0;11.56;37.2;0.0;1.34;37.75;2.79;0.0;0.0;5.58;0.0;3.43;0.0;20.77;11.25;5.43;12.96;0.0;0.0;1.46;2.89;1.04;1.77;28.56
01/09/99;59.7;134.78;169.5;30.55;46.66;125.21;78.6;59.1;31.67;77.76;37.5;84.07;49.51;112.5;75.47;81.2;144.9;68.1;52.81;26.51;146.0;37.04;57.21;20.59
01/10/99;42.78;183.17;195.61;105.36;58.92;149.26;69.75;173.29;171.08;51.53;106.64;74.92;84.89;146.63;43.08;68.16;113.5;66.34;176.33;106.21;146.01;83.12;148.14;46.49
01/11/99;81.0;217.18;85.8;205.77;150.78;93.78;62.7;226.5;268.08;79.57;203.1;67.63;103.03;79.5;100.82;149.09;242.25;141.6;247.76;224.19;256.93;200.87;210.03;64.88
01/12/99;219.79;310.35;101.99;284.41;269.68;125.39;123.38;270.01;360.66;188.78;270.63;141.16;186.07;155.31;210.06;192.71;266.48;240.25;306.15;248.26;323.57;267.13;340.51;131.71
01/01/00;341.31;349.5;155.31;257.28;357.41;169.64;146.63;281.48;244.99;299.98;287.99;190.37;213.05;232.5;252.06;184.15;272.36;316.2;261.82;187.24;310.4;314.94;248.66;120.1
01/02/00;275.5;302.92;87.87;187.58;204.39;154.84;200.39;249.98;329.82;236.78;200.1;196.73;288.81;175.45;193.14;159.53;320.34;301.02;278.51;175.32;337.76;185.29;307.67;146.71
01/03/00;188.48;364.3;253.58;225.06;182.53;143.5;121.52;232.19;219.8;167.03;225.06;120.74;249.76;114.39;154.37;203.57;316.76;252.96;225.25;153.24;354.16;200.54;279.02;100.23
01/04/00;15.9;201.31;107.1;52.33;32.91;94.12;55.5;75.0;148.09;15.61;57.0;17.34;44.99;77.1;33.48;111.37;147.09;53.7;93.46;52.75;127.19;43.78;185.55;111.44
01/05/00;13.02;54.59;132.99;1.58;8.2;92.43;75.33;7.44;5.43;18.33;2.17;36.24;20.99;80.91;18.33;34.31;35.96;5.89;4.69;3.26;6.03;4.63;32.34;35.7
01/06/00;5.4;18.22;222.0;0.2;1.94;169.2;138.0;0.0;0.5;17.6;0.3;87.7;24.05;151.2;8.86;42.49;15.44;0.6;0.42;1.28;0.78;1.33;6.29;66.81
01/07/00;33.79;30.84;138.57;3.76;19.76;140.11;73.78;4.96;0.42;42.91;4.65;77.46;37.32;134.85;43.82;50.64;29.39;12.4;2.65;3.23;5.94;10.24;18.77;46.77
01/08/00;50.22;32.43;91.76;20.64;26.64;105.32;131.44;38.44;8.2;66.23;20.15;113.85;74.54;101.68;60.63;33.19;39.61;25.73;27.31;8.03;29.16;23.34;12.46;27.83
01/09/00;149.1;145.83;202.8;78.02;114.64;268.74;170.1;94.8;95.54;145.35;94.5;185.82;137.11;310.8;115.58;38.61;84.92;102.9;88.09;35.68;87.42;88.8;82.47;43.38
01/10/00;50.22;218.04;282.1;52.82;55.74;239.41;152.21;85.87;106.19;65.35;40.61;113.8;71.71;234.36;63.31;119.43;153.48;47.74;91.8;50.84;182.71;51.45;127.74;7.15
01/11/00;214.2;203.11;152.7;278.51;215.46;113.75;183.3;280.5;247.07;184.61;290.7;152.17;185.14;107.1;195.8;161.72;198.05;254.4;277.84;246.45;192.17;261.85;208.64;75.1
01/12/00;221.34;316.65;165.54;243.25;224.13;153.6;216.69;289.85;386.16;218.22;237.15;194.5;231.57;183.52;226.85;174.96;271.38;294.5;309.65;304.88;344.67;246.31;327.54;109.99
01/01/01;228.16;313.8;273.11;111.5;171.99;220.15;182.59;164.92;127.47;197.58;126.17;160.8;186.44;208.63;160.92;233.22;351.1;197.16;141.65;59.82;313.84;136.2;185.22;23.45
01/02/01;123.2;199.27;144.2;71.97;95.52;180.09;239.96;156.24;123.15;168.37;68.32;248.38;195.82;223.72;173.13;181.22;205.09;122.64;136.79;78.87;161.11;75.19;167.62;66.18
01/03/01;128.96;309.16;132.68;162.42;178.0;143.27;139.19;257.61;263.21;129.96;174.53;117.66;162.66;117.8;148.51;178.83;287.84;205.84;247.64;142.41;306.7;163.03;293.92;157.6
01/04/01;32.1;138.71;195.9;18.47;22.71;163.39;101.7;95.4;78.35;34.7;19.8;64.62;58.48;131.7;33.21;97.13;142.56;55.8;85.33;29.55;89.04;22.67;122.18;23.68
01/05/01;84.94;81.67;128.34;38.7;52.93;153.78;85.56;50.22;30.08;99.1;44.02;144.47;113.99;172.98;73.47;70.47;76.07;80.91;40.25;26.75;40.18;45.43;75.4;16.47
01/06/01;15.3;47.81;124.5;0.4;2.93;133.39;105.6;1.8;4.51;30.78;0.3;96.31;26.13;146.1;17.81;30.69;35.43;2.7;1.94;2.54;7.13;2.49;14.02;79.34
01/07/01;11.16;14.61;155.62;3.57;5.82;176.03;44.02;5.58;1.37;31.61;4.65;70.48;19.88;137.02;25.7;39.29;22.09;6.51;4.13;1.83;5.28;4.7;2.54;51.86
01/08/01;38.44;15.52;85.56;34.22;40.33;60.91;61.69;37.2;4.29;43.79;42.78;71.25;39.25;76.88;43.96;19.0;15.41;24.18;23.47;8.21;13.31;39.0;5.12;37.14
01/09/01;51.6;111.0;245.4;40.7;55.72;206.13;141.0;85.2;43.7;64.07;44.7;102.56;90.71;167.4;59.29;68.25;109.21;67.5;68.97;18.02;97.5;44.63;55.35;11.77
01/10/01;132.06;191.69;143.84;105.84;132.59;137.42;62.31;152.83;188.62;142.87;102.3;120.68;88.71;168.95;150.36;118.26;152.3;102.3;169.45;107.55;147.47;116.35;178.43;40.23
01/11/01;195.3;223.42;126.3;252.6;221.94;168.15;214.2;284.4;251.87;168.51;238.5;144.89;238.79;143.7;167.75;183.32;204.42;229.8;282.72;203.97;210.43;246.32;246.76;9.92
01/12/01;265.36;277.13;83.7;275.1;280.33;116.55;159.34;241.8;239.52;238.53;298.53;226.03;232.87;120.59;213.91;190.14;284.69;259.16;244.55;203.79;319.86;292.92;305.69;110.38
01/01/02;262.57;305.77;142.91;222.56;287.06;172.71;196.23;243.35;389.13;261.29;228.47;277.13;211.23;239.01;272.47;157.53;264.46;244.9;285.12;261.07;305.39;256.15;352.52;280.63
01/02/02;282.8;291.26;84.84;264.34;280.91;94.63;104.72;250.32;194.21;231.0;285.32;119.4;229.13;89.88;216.68;247.36;320.66;329.56;235.18;162.49;304.5;267.32;268.04;91.71
01/03/02;115.32;239.31;252.96;115.21;101.45;147.45;53.63;192.2;186.45;142.92;117.18;80.61;82.53;78.12;168.03;139.24;211.1;146.01;189.45;74.17;203.37;99.51;222.51;98.29
01/04/02;4.8;135.28;169.5;21.27;17.84;118.94;23.7;47.4;85.5;37.82;20.7;46.06;8.98;102.9;51.59;100.0;119.44;24.9;47.68;36.81;76.46;22.7;96.62;37.78
01/05/02;48.05;67.24;199.95;28.97;48.91;171.47;278.38;14.57;33.96;82.72;33.79;222.82;118.61;187.24;87.97;77.59;74.87;43.09;20.06;20.16;28.26;38.03;44.15;66.16
01/06/02;0.3;34.81;171.3;0.0;3.05;181.69;15.0;0.0;0.0;25.29;0.0;20.5;0.72;92.1;39.77;22.32;21.57;0.0;0.0;2.37;1.69;1.45;8.96;59.79
01/07/02;20.46;26.61;176.39;9.08;18.67;129.39;61.38;4.34;3.44;27.65;10.85;57.38;42.03;102.3;26.95;27.78;22.9;7.13;4.63;5.47;9.82;13.27;6.91;51.52
01/08/02;31.62;6.24;227.85;2.85;24.65;173.11;70.68;2.79;0.17;49.66;4.03;73.75;32.3;137.33;59.76;46.53;28.55;5.89;1.63;1.9;3.3;12.57;0.9;25.15
01/09/02;63.9;97.8;264.3;55.67;62.48;201.51;107.4;55.5;63.01;74.52;59.1;136.81;58.49;192.9;69.7;42.7;94.3;48.3;54.38;62.2;89.5;69.83;61.25;11.29
01/10/02;41.23;186.15;379.44;54.24;74.9;267.96;97.96;49.29;70.23;75.33;58.28;81.83;77.47;254.82;108.85;89.75;161.47;61.38;59.12;40.12;171.26;67.41;106.17;1.3
01/11/02;150.3;158.79;225.9;146.79;184.87;215.72;241.8;164.1;142.55;179.23;130.5;213.34;152.39;256.8;194.5;91.56;135.02;110.4;152.49;128.67;167.79;165.49;142.96;26.34
01/12/02;191.27;270.93;283.34;345.73;310.65;195.4;184.45;280.86;304.55;201.23;330.77;156.42;178.4;163.06;245.19;197.51;292.28;243.97;285.2;290.05;309.92;323.69;272.13;61.45
01/01/03;409.2;299.81;160.27;422.41;454.21;166.11;197.78;295.12;263.4;369.62;463.45;309.72;378.67;200.88;358.61;183.16;336.4;455.7;276.33;234.95;383.59;456.0;312.13;135.12
01/02/03;120.68;297.69;206.08;89.66;103.42;194.45;190.96;198.24;215.83;132.34;94.64;174.64;153.82;171.08;111.47;182.5;279.84;109.76;205.68;67.77;288.74;88.88;232.13;78.29
01/03/03;163.99;339.24;199.64;228.83;199.82;119.26;98.27;203.36;304.54;154.17;244.28;131.24;177.55;128.96;158.02;218.61;379.94;214.83;241.37;161.8;367.89;203.07;264.86;127.95
01/04/03;95.4;152.77;174.0;56.7;57.6;114.04;145.2;96.6;120.83;83.87;64.8;93.35;116.57;111.3;65.91;95.23;166.66;98.4;101.22;50.0;114.87;52.47;135.95;46.1
01/05/03;54.87;86.38;71.92;51.14;52.75;76.18;58.59;11.16;18.3;47.32;50.84;45.86;50.63;67.89;41.43;63.03;82.45;26.35;10.29;29.78;47.58;44.04;61.16;40.18
01/06/03;15.0;37.4;130.8;0.0;3.31;125.72;76.8;0.3;0.66;23.75;0.0;59.31;25.85;104.4;16.33;40.99;22.58;3.6;0.72;0.79;3.52;1.11;6.8;20.05
01/07/03;8.06;9.82;88.04;1.06;12.48;105.61;58.59;0.0;0.0;32.78;1.55;90.16;12.22;101.37;29.89;6.52;8.15;0.93;0.0;1.57;1.71;6.24;0.21;28.79
01/08/03;15.81;47.61;75.02;23.74;29.73;47.32;57.04;31.62;13.92;27.08;21.08;33.69;31.28;42.47;55.59;41.48;39.46;11.78;23.24;12.8;14.03;25.01;17.78;14.0
01/09/03;16.2;84.86;66.3;35.02;41.76;69.04;124.2;21.0;14.1;36.62;47.4;84.66;44.21;84.3;48.75;77.34;79.95;24.9;17.78;17.21;73.38;39.52;41.47;24.85
01/10/03;95.48;213.33;207.08;51.74;89.98;192.78;161.51;85.87;55.52;117.7;55.18;132.2;132.69;186.31;155.01;125.64;210.92;82.77;71.85;30.58;245.85;72.57;118.78;5.75
01/11/03;139.5;189.66;174.9;169.98;193.79;144.19;188.1;217.5;165.16;144.68;179.7;141.33;138.73;170.4;177.35;95.25;170.66;179.7;207.15;120.83;194.7;174.55;194.24;35.09
01/12/03;180.11;185.61;345.96;212.56;216.0;300.28;248.31;203.67;123.25;165.02;225.06;179.51;180.42;304.73;140.68;185.66;213.67;205.53;175.92;135.55;241.7;226.68;194.87;30.69
01/01/04;280.86;455.06;94.55;295.29;263.07;104.65;129.27;296.98;386.79;267.97;273.73;196.83;197.15;117.18;246.89;261.51;357.21;244.9;355.37;308.06;400.64;270.75;442.76;348.05
01/02/04;250.85;427.89;98.6;387.19;317.28;78.56;66.41;397.88;343.52;251.86;397.59;155.93;184.4;73.08;271.74;188.93;367.8;364.53;385.58;254.17;408.43;350.12;390.26;168.69
01/03/04;84.63;275.23;53.63;223.64;148.86;90.38;95.17;242.11;234.42;116.13;217.93;127.0;123.69;116.25;129.72;150.34;281.93;155.62;232.71;195.98;239.08;178.39;248.03;102.58
01/04/04;90.6;186.84;142.2;124.25;103.29;124.14;102.9;127.8;148.3;120.07;127.2;120.97;112.76;148.2;139.73;109.51;177.84;144.9;133.67;70.67;161.97;119.4;170.25;45.15
01/05/04;99.82;80.27;110.05;17.1;62.89;174.61;299.46;18.6;1.38;99.17;22.32;200.59;131.24;168.95;71.46;64.65;67.47;30.38;9.93;4.89;34.58;36.47;56.19;81.76
01/06/04;25.8;25.39;83.7;5.58;24.16;65.93;103.5;0.9;1.26;43.59;7.2;73.91;48.69;54.0;49.19;32.69;18.37;6.3;1.32;3.95;2.78;14.83;7.78;65.91
01/07/04;37.82;23.05;97.03;18.18;42.44;136.15;114.08;5.27;1.51;75.81;24.18;118.74;40.69;143.22;97.15;30.22;20.56;22.32;3.97;6.2;20.86;33.11;15.53;36.85
01/08/04;0.31;39.7;65.1;0.1;2.24;43.29;3.41;0.0;3.79;6.39;0.0;10.72;0.1;33.79;9.46;18.52;44.77;0.0;2.02;0.54;31.39;1.11;19.26;30.79
01/09/04;5.4;72.01;139.5;1.23;13.08;175.15;42.3;2.1;2.16;25.87;1.8;49.07;10.44;119.4;31.47;46.95;61.13;2.1;2.38;0.69;35.52;5.45;13.96;12.21
01/10/04;100.44;211.38;166.47;68.98;120.87;178.73;314.65;139.5;121.29;110.28;72.23;223.28;171.48;237.15;100.55;117.07;154.12;80.29;133.72;65.95;175.91;86.48;171.89;4.89
01/11/04;154.8;187.15;130.8;141.78;177.12;124.21;225.6;146.7;138.26;165.21;149.4;161.78;156.25;155.7;166.68;127.53;208.05;143.4;140.27;105.22;222.15;156.76;162.51;35.6
01/12/04;262.26;268.78;76.57;348.98;344.42;100.77;148.49;278.07;232.67;259.48;366.11;166.75;212.56;115.32;236.17;223.0;301.84;291.4;257.55;189.26;334.8;369.27;198.05;11.89
01/01/05;389.67;296.0;111.29;256.35;330.46;132.69;227.85;327.36;330.98;362.96;251.72;288.05;309.04;193.13;332.37;201.46;256.03;326.43;318.4;211.63;289.53;277.29;304.44;66.28
01/02/05;75.04;303.69;42.0;157.73;152.41;46.99;16.52;217.0;237.37;99.25;148.4;60.91;55.6;44.8;148.81;215.48;302.97;89.04;233.32;190.66;269.37;165.64;221.01;105.53
01/03/05;192.2;435.15;79.98;246.54;194.61;127.4;23.87;380.99;296.16;183.02;238.08;107.56;111.21;94.86;169.32;149.65;415.53;233.43;347.31;184.52;439.18;227.82;341.45;195.99
01/04/05;52.5;179.34;268.5;22.74;72.4;191.88;130.8;51.3;81.24;108.39;21.6;102.61;80.71;200.1;165.63;97.6;142.02;28.8;57.45;50.92;131.95;48.15;126.97;85.51
01/05/05;96.41;79.3;227.54;46.08;88.11;190.33;130.2;24.49;47.66;123.01;60.45;110.56;75.76;189.72;129.97;70.36;75.03;60.14;25.94;37.29;22.78;60.57;80.56;89.21
01/06/05;22.8;15.16;227.4;6.9;17.59;175.28;107.1;3.3;0.8;33.99;9.0;81.64;52.48;196.8;28.87;37.28;15.91;15.0;2.32;3.97;4.83;13.52;5.41;74.49
01/07/05;27.28;14.75;68.51;2.85;25.3;90.51;42.16;0.0;0.0;42.99;4.03;61.74;23.78;94.55;49.51;13.83;7.77;11.47;0.0;2.08;0.76;13.64;0.58;44.9
01/08/05;6.51;10.23;114.08;5.58;7.68;150.78;36.27;15.5;2.57;21.96;5.58;67.08;11.78;137.64;16.23;26.24;14.37;11.47;10.44;3.06;5.1;7.49;1.99;33.23
01/09/05;55.8;63.16;168.3;53.99;82.53;199.04;147.0;55.5;42.31;109.44;61.8;187.05;113.38;258.9;120.0;50.13;78.69;67.5;51.72;27.43;74.83;70.69;51.67;4.55
01/10/05;129.27;153.24;298.22;45.08;105.52;307.47;270.01;65.72;50.92;147.81;57.97;240.52;149.23;323.64;123.94;140.94;177.03;101.06;57.34;24.09;163.98;72.91;73.7;2.14
01/11/05;154.2;193.91;94.2;324.82;211.51;95.92;112.2;258.0;182.42;135.69;321.3;101.24;153.41;87.9;128.07;151.06;208.21;214.8;233.94;211.02;223.8;277.44;180.61;31.66
01/12/05;211.73;381.67;117.49;349.05;283.49;64.86;78.12;378.51;380.15;203.18;353.09;142.04;237.11;63.24;201.23;218.96;372.36;314.34;377.21;245.31;373.44;306.52;321.7;75.16
01/01/06;236.22;266.89;133.92;162.14;179.43;148.28;127.72;146.01;131.69;230.24;185.07;156.4;191.74;152.52;217.99;294.24;314.41;205.84;145.72;64.89;286.85;160.24;186.03;9.34
01/02/06;292.32;304.21;71.12;134.68;237.4;106.14;142.8;208.88;181.29;242.71;142.24;218.11;313.81;103.04;197.46;211.55;325.15;195.16;195.96;118.0;306.23;167.86;256.26;98.85
01/03/06;189.72;358.99;117.18;270.41;207.69;133.85;166.78;282.72;339.09;212.21;253.58;169.37;166.28;176.7;195.15;161.94;332.02;276.52;303.39;263.08;334.41;237.03;314.24;179.74
01/04/06;44.1;326.32;75.0;94.53;40.57;45.29;104.1;159.6;164.15;46.1;91.2;54.42;75.88;44.7;49.02;144.94;286.03;150.9;150.23;134.72;272.7;70.93;240.28;134.47
01/05/06;20.15;111.16;53.63;17.66;28.04;55.95;27.9;27.59;28.34;26.11;19.53;27.44;34.63;21.39;32.26;31.83;105.53;24.49;21.23;21.32;39.56;24.05;80.09;50.44
01/06/06;14.7;12.08;103.5;4.48;12.55;90.99;50.1;2.1;0.5;20.81;6.0;32.84;10.86;68.1;21.81;38.77;10.81;5.1;1.54;2.67;0.81;8.42;2.32;79.38
01/07/06;7.13;10.52;101.06;2.96;14.4;97.05;43.4;0.31;0.0;31.73;4.34;47.22;15.7;61.07;55.4;19.39;18.08;1.86;0.17;1.15;8.06;8.08;6.39;53.68
01/08/06;19.22;16.52;101.06;12.51;21.02;109.79;75.64;16.74;4.98;25.99;12.71;48.48;23.45;102.92;29.63;22.38;17.12;15.81;12.55;5.42;10.84;15.62;9.9;18.23
01/09/06;53.1;94.32;142.2;54.66;70.3;126.87;132.0;53.4;87.58;83.27;63.9;161.84;64.65;183.6;83.58;58.42;95.58;56.7;61.65;29.52;101.15;68.54;66.54;21.61
01/10/06;160.89;198.53;187.86;219.09;173.61;91.56;147.87;331.08;205.48;134.02;213.28;110.13;133.97;110.36;112.8;123.84;200.3;209.87;284.97;155.52;221.66;190.43;195.31;46.56
01/11/06;148.5;233.6;207.6;242.6;250.51;188.07;121.2;217.5;182.25;172.03;238.5;153.51;160.57;186.9;201.79;155.62;207.28;191.1;212.74;193.14;212.24;261.04;208.14;39.69
01/12/06;262.88;245.76;139.5;381.07;315.65;146.67;247.07;251.72;194.42;236.77;407.65;205.38;304.74;148.49;223.68;189.98;289.56;277.45;226.43;203.92;340.82;356.44;202.84;29.26
01/01/07;426.87;235.1;180.42;296.23;398.69;196.06;259.16;251.41;170.68;331.65;341.31;286.95;363.41;225.37;247.95;207.73;278.03;474.61;233.78;111.14;270.45;328.97;190.2;8.95
01/02/07;193.76;456.36;152.32;264.13;147.68;174.13;161.0;304.08;316.19;186.39;239.68;153.41;185.95;152.04;146.01;215.92;393.69;246.68;309.43;283.48;509.55;183.46;397.04;225.57
01/03/07;96.72;232.87;144.77;45.83;82.57;153.73;104.16;68.51;101.14;114.56;57.35;118.48;111.33;138.57;118.13;167.33;262.73;97.65;68.94;39.99;216.77;66.0;118.55;73.86
01/04/07;43.5;165.36;180.0;70.05;61.78;136.66;138.3;69.3;77.71;80.38;69.0;104.36;50.72;157.2;95.54;117.5;140.79;59.1;65.1;29.4;78.06;62.04;138.86;61.64
01/05/07;78.12;62.75;189.72;8.53;36.25;226.27;124.0;7.13;14.29;77.38;9.61;130.19;73.78;261.64;56.12;62.76;68.47;26.35;7.56;6.74;21.74;17.26;33.18;50.14
01/06/07;6.0;16.9;87.6;0.71;3.1;79.13;8.7;0.6;0.0;14.27;0.9;10.09;6.26;40.2;25.59;4.83;19.3;0.0;0.32;1.26;10.38;1.99;3.28;61.52
01/07/07;86.18;30.6;109.74;8.25;37.49;208.22;75.95;4.65;0.86;106.42;12.09;153.51;75.44;199.33;89.58;31.88;36.32;28.52;3.2;1.86;33.06;15.99;6.42;27.55
01/08/07;0.31;12.38;87.73;0.0;0.0;100.03;6.82;0.0;0.0;7.16;0.0;14.38;0.0;58.59;8.79;5.2;15.13;0.62;0.0;0.72;2.57;0.27;1.69;37.18
01/09/07;4.8;42.65;229.2;7.0;2.3;171.28;1.2;4.8;20.11;15.87;9.0;24.11;1.69;90.3;21.81;29.01;26.1;16.8;7.32;3.33;12.17;4.85;18.94;17.18
01/10/07;59.83;146.24;206.77;14.89;82.79;168.87;64.17;35.96;38.88;80.11;19.22;76.99;74.01;155.93;115.06;133.6;153.38;58.59;38.42;9.02;150.54;52.63;72.45;7.0
01/11/07;120.9;195.93;126.9;145.29;150.06;147.97;164.4;180.0;185.68;146.97;157.2;194.09;107.73;186.9;169.28;190.77;236.56;113.4;184.34;112.51;266.07;140.39;157.56;31.36
01/12/07;128.96;246.6;140.74;193.44;179.52;154.21;107.26;191.58;157.9;164.06;205.84;201.9;121.21;164.92;173.45;203.21;238.56;174.22;185.94;155.67;240.31;185.85;152.77;32.77
01/01/08;266.29;344.03;106.02;268.23;287.86;145.02;256.37;245.83;276.48;298.65;298.84;213.48;242.52;174.53;322.43;304.15;437.47;251.72;256.96;152.06;452.72;262.37;320.31;64.66
01/02/08;195.75;367.32;119.19;222.52;230.12;125.36;167.91;255.49;269.99;194.82;247.66;139.1;220.7;124.41;228.31;198.42;425.78;245.92;269.01;130.04;424.5;222.44;271.44;92.51
01/03/08;160.58;358.72;89.9;216.02;203.34;109.74;67.27;266.6;218.43;175.98;233.74;154.52;210.82;119.04;222.86;194.14;304.75;287.99;246.08;174.32;276.16;211.27;284.21;243.3
01/04/08;101.1;211.96;207.3;117.83;124.27;190.96;131.4;180.6;204.69;120.54;116.4;143.79;131.83;216.0;133.36;97.7;210.19;118.2;179.34;117.28;197.7;111.02;202.03;123.7
01/05/08;35.65;84.01;92.69;8.86;20.08;95.4;62.62;17.05;13.92;57.48;12.4;85.49;52.11;87.11;61.48;42.53;80.84;20.46;11.27;5.51;20.28;14.39;90.79;80.05
01/06/08;18.9;18.3;175.2;8.6;19.23;166.48;54.0;0.0;1.0;48.87;12.6;77.71;13.22;178.8;60.03;10.39;19.44;1.8;0.84;2.18;4.25;13.76;6.67;44.06
01/07/08;0.0;7.75;75.33;0.0;0.59;62.66;32.55;0.0;0.0;4.2;0.0;26.85;0.94;50.53;2.61;15.56;7.93;1.55;0.0;1.17;1.65;0.16;0.27;51.29
01/08/08;39.68;19.39;110.67;4.65;31.23;124.99;168.02;1.86;1.03;70.51;6.82;152.11;37.11;141.36;79.17;32.89;15.23;8.68;1.86;1.61;2.16;16.3;1.56;24.8
01/09/08;19.5;67.27;107.4;49.41;59.98;159.9;56.4;48.3;21.28;41.7;57.6;72.55;18.12;155.4;55.91;34.09;57.4;26.1;37.39;21.52;31.53;57.0;29.66;8.26
01/10/08;74.71;153.45;326.12;13.69;93.99;300.73;147.25;68.2;38.33;121.64;18.91;160.02;86.44;329.84;140.32;115.07;161.15;76.57;54.47;5.08;162.07;50.45;81.97;5.51
01/11/08;71.4;273.12;63.9;170.5;159.17;111.54;166.5;214.2;223.79;117.68;146.4;125.37;123.67;113.1;210.51;112.79;274.1;110.7;219.8;184.38;290.29;170.05;201.42;12.71
01/12/08;249.24;265.37;42.78;357.84;339.33;99.72;42.78;293.26;307.63;213.3;390.91;81.82;115.12;86.18;195.18;222.13;251.69;323.33;299.76;261.37;250.85;367.96;282.49;89.96
01/01/09;250.48;224.37;137.02;238.71;292.23;180.02;214.52;199.95;165.96;270.36;267.84;266.75;262.95;180.42;291.82;162.79;237.32;260.4;190.55;151.88;202.49;262.49;224.39;47.72
01/02/09;207.2;288.29;152.04;160.79;204.98;121.7;111.72;169.12;197.2;218.07;177.24;201.91;168.59;121.52;215.76;232.85;299.4;195.44;183.09;96.26;286.98;183.48;261.13;90.65
01/03/09;190.03;284.98;74.71;186.78;185.14;81.52;56.11;182.28;139.83;174.55;221.03;105.49;188.34;76.26;156.93;250.69;304.22;202.12;164.36;127.89;256.38;195.81;244.49;82.45
01/04/09;57.9;278.15;11.7;120.12;74.41;17.58;21.0;223.2;235.99;78.0;98.4;61.67;17.63;21.3;78.81;167.2;207.56;69.9;233.41;146.04;168.55;80.39;264.84;221.93
01/05/09;44.02;176.05;150.04;38.36;38.12;150.19;171.43;40.61;97.59;51.79;47.12;98.66;58.54;170.81;47.22;69.83;112.41;58.59;48.85;35.84;64.42;32.84;185.47;195.94
01/06/09;35.7;61.4;84.6;22.09;26.81;73.88;93.9;18.6;11.27;48.36;27.9;83.52;53.08;86.4;48.17;33.39;52.62;33.0;18.18;20.1;28.09;25.75;28.99;59.2
01/07/09;42.47;14.78;111.6;0.0;24.96;179.29;170.5;0.62;0.51;119.03;0.0;226.43;41.74;262.57;121.34;54.53;18.56;4.65;0.76;1.17;2.98;7.94;11.09;39.12
01/08/09;94.55;32.35;181.97;35.12;43.31;200.21;113.15;34.41;14.25;110.82;36.89;108.3;78.0;165.85;100.12;32.55;43.78;35.34;29.78;11.13;48.73;31.69;17.36;46.16
01/09/09;147.3;89.66;328.8;54.91;106.87;415.77;132.9;65.7;65.9;177.94;61.2;236.15;135.99;387.6;155.0;51.63;91.52;99.6;68.92;25.08;89.6;76.75;56.41;5.13
01/10/09;119.04;165.58;133.3;154.97;176.89;149.54;304.11;194.06;191.93;139.49;148.18;235.34;166.76;196.23;158.33;102.55;149.54;164.61;199.84;191.46;160.19;197.72;162.42;75.17
01/11/09;163.2;196.21;421.2;143.96;156.03;222.51;174.0;169.8;235.81;197.24;155.1;195.14;164.86;192.0;258.38;133.44;220.7;150.9;182.53;94.72;257.82;145.69;158.0;18.48
01/12/09;336.97;314.51;208.94;325.1;348.7;152.82;205.22;352.16;265.29;335.88;329.53;234.35;251.31;161.51;362.16;217.27;322.13;289.85;329.47;235.64;339.2;344.25;296.99;57.28
01/01/10;278.38;306.23;288.61;115.36;217.84;243.68;217.93;115.63;217.37;352.71;138.88;334.88;263.36;262.88;376.81;248.42;335.93;239.63;139.77;82.12;352.28;149.91;232.84;82.8
01/02/10;120.96;252.77;155.68;109.76;98.39;185.85;154.56;128.52;135.08;171.35;134.12;169.73;180.09;199.36;154.79;207.74;254.25;198.8;122.78;52.36;258.02;100.14;207.53;59.64
01/03/10;143.84;247.91;79.36;213.91;208.64;145.38;144.77;195.3;234.31;179.63;226.61;191.67;166.2;199.95;240.87;148.25;238.18;199.02;201.23;205.98;247.6;215.09;218.22;93.35
01/04/10;78.3;170.16;152.4;88.39;73.55;198.92;119.7;147.9;114.1;118.74;80.1;179.22;68.43;284.4;143.61;45.36;133.44;65.4;132.51;88.63;65.49;72.48;159.31;159.53
01/05/10;17.67;57.81;137.02;30.6;26.9;169.41;109.43;5.89;25.65;41.89;32.86;67.7;41.57;171.43;48.61;63.84;55.82;10.85;12.97;23.68;16.78;32.41;44.71;13.51
01/06/10;16.2;23.33;108.9;5.81;3.58;114.25;31.2;5.1;1.99;28.08;8.1;49.46;12.78;85.5;25.43;5.55;24.7;11.7;4.4;2.17;5.09;5.89;8.98;77.53
01/07/10;9.92;12.24;187.86;0.0;14.69;148.74;63.55;0.62;0.86;44.83;0.0;57.81;8.66;137.02;63.34;23.13;12.93;1.55;1.05;1.86;3.17;5.07;2.48;35.71
01/08/10;0.31;12.77;50.53;0.0;0.0;58.87;3.1;0.62;1.03;7.34;0.0;19.24;0.0;66.96;7.81;13.72;4.91;0.31;1.2;0.64;2.78;0.27;3.07;14.93
01/09/10;87.3;11.53;230.7;35.06;56.67;150.16;184.5;8.7;11.45;87.09;48.3;92.11;124.07;90.3;80.85;32.6;15.41;41.7;11.36;9.92;1.04;42.21;6.83;17.15
01/10/10;106.33;168.35;90.52;115.21;123.65;123.48;129.89;127.72;118.83;101.63;121.21;133.82;107.16;164.92;85.25;114.94;150.06;115.63;127.58;87.83;155.53;119.08;123.59;52.22
01/11/10;80.4;246.61;38.4;241.06;212.41;84.61;97.2;237.0;215.99;100.67;238.2;83.53;114.77;71.7;151.87;113.97;237.73;186.6;238.26;184.47;254.8;235.81;202.79;10.6
01/12/10;154.07;283.69;187.24;307.97;292.45;182.93;170.5;315.58;238.97;225.5;314.96;242.97;141.77;253.27;326.46;152.51;272.19;224.75;298.38;235.19;281.68;310.89;240.57;93.46
01/01/11;309.38;366.91;135.47;233.4;276.52;177.88;167.09;240.25;299.3;344.16;241.18;249.49;212.56;193.44;323.11;216.47;374.94;248.62;259.91;158.33;383.54;223.57;314.19;126.77
01/02/11;197.4;336.98;184.52;100.5;144.23;234.87;202.72;166.6;227.09;232.39;107.52;226.17;233.24;265.72;217.27;242.76;391.84;168.0;177.44;115.56;402.15;108.31;295.97;122.16
01/03/11;303.18;298.78;134.85;385.03;294.93;183.44;90.83;324.57;280.2;242.85;401.76;136.59;351.3;165.85;210.18;189.49;306.45;462.83;307.95;281.09;296.34;338.7;306.72;125.89
01/04/11;95.4;209.36;150.6;78.56;99.84;113.67;121.2;64.2;98.81;112.16;83.7;101.16;102.72;94.5;125.62;127.29;227.91;102.0;65.6;59.49;156.45;82.68;172.62;88.76
01/05/11;8.37;98.26;69.44;3.27;12.24;85.56;0.0;1.24;17.13;18.22;2.48;16.0;16.58;90.21;30.36;37.47;84.02;2.48;7.74;8.45;32.92;6.43;56.05;74.35
01/06/11;39.9;27.78;176.4;10.09;25.61;168.35;98.7;13.2;3.76;60.34;13.8;106.19;50.24;175.2;57.1;18.8;23.05;22.8;9.98;2.51;18.93;15.59;14.45;26.74
01/07/11;1.86;7.25;186.62;0.0;0.78;241.83;114.39;0.31;0.69;12.41;0.0;76.05;17.87;211.11;0.0;18.82;4.87;0.93;0.74;1.24;0.83;0.22;3.94;33.69
01/08/11;21.08;23.28;155.0;0.0;9.21;274.58;89.59;1.86;1.83;49.09;0.0;124.92;9.5;316.82;39.34;21.26;35.52;5.58;1.72;1.1;14.76;3.57;8.81;14.12
01/09/11;11.1;43.71;115.2;5.03;1.89;136.37;48.3;8.7;5.15;11.74;5.7;24.88;15.67;157.5;5.94;47.18;71.7;3.6;8.98;3.15;46.65;2.87;20.26;18.18
01/10/11;153.76;237.42;165.85;126.81;141.95;149.72;214.83;215.14;164.71;160.28;129.27;227.74;172.8;186.31;149.66;104.32;237.48;175.15;195.63;112.03;243.26;138.15;172.05;40.37
01/11/11;135.6;289.35;52.2;159.76;144.09;67.54;150.9;222.9;223.76;126.34;153.0;106.44;97.62;91.8;115.97;129.37;256.48;161.7;230.73;159.07;268.33;173.94;254.96;45.25
01/12/11;204.6;217.45;36.89;381.08;332.99;116.4;58.9;286.13;219.85;191.61;416.02;126.98;104.54;132.37;186.18;212.69;279.6;288.92;263.29;254.05;289.04;384.29;206.18;25.2
01/01/12;279.93;385.35;79.36;284.19;349.96;180.99;142.91;339.14;293.52;271.7;319.92;201.59;196.14;201.81;265.68;195.93;369.51;332.94;319.48;152.12;407.56;312.05;333.71;10.63
01/02/12;96.86;269.49;135.43;83.88;75.44;147.71;141.52;200.1;216.07;117.94;96.86;112.66;127.58;147.9;89.34;287.23;320.86;154.57;195.23;58.22;267.81;72.35;221.06;88.75
01/03/12;84.01;241.17;62.31;139.77;142.37;87.14;55.8;177.01;133.18;117.93;159.65;82.4;92.87;88.35;170.23;141.95;232.02;147.25;161.54;81.86;194.54;146.8;192.18;33.38
01/04/12;104.4;132.8;109.5;45.65;68.24;116.11;204.0;104.1;75.96;129.65;50.7;173.44;97.82;179.1;124.54;141.27;192.41;90.0;81.86;21.47;151.9;55.79;111.78;17.43
01/05/12;70.99;84.48;63.55;32.12;57.69;59.88;89.28;29.14;56.26;72.96;39.99;81.45;72.24;94.24;64.63;96.46;88.53;34.72;37.52;20.77;54.02;48.03;70.45;13.58
01/06/12;148.5;44.51;82.5;37.86;86.39;152.39;189.6;19.2;8.7;189.87;51.0;284.06;147.16;218.7;166.76;65.99;44.94;72.6;14.3;6.73;32.37;52.49;24.88;24.59
01/07/12;25.73;11.3;119.04;0.0;18.53;167.45;30.69;0.93;0.51;58.03;0.0;56.03;5.92;151.28;70.15;10.54;10.91;2.79;0.93;1.42;1.01;5.45;2.12;16.32
01/08/12;0.93;9.81;41.85;0.0;1.72;30.05;1.86;1.86;2.2;1.29;0.0;1.84;0.0;10.85;1.86;15.04;7.24;0.31;2.15;1.37;2.87;1.91;2.83;19.06
01/09/12;72.6;62.35;145.8;24.56;37.18;153.84;52.2;40.8;24.95;57.07;29.7;54.18;91.83;80.1;48.45;62.82;76.26;51.0;34.79;7.31;62.91;26.94;28.61;6.61
01/10/12;57.66;196.29;279.31;31.65;53.83;176.19;154.07;77.19;62.81;79.32;32.24;93.62;59.75;190.34;79.98;76.93;148.11;50.53;72.42;19.49;141.18;38.96;95.87;8.48
01/11/12;152.1;273.99;54.3;260.26;164.5;43.36;97.8;249.0;228.13;125.57;241.5;91.6;149.21;50.4;110.15;164.03;287.52;228.0;246.76;277.71;296.35;221.44;215.12;32.66
01/12/12;208.94;244.92;386.88;101.7;149.64;237.81;157.79;141.36;100.54;254.09;118.73;226.68;152.25;234.98;250.34;186.93;257.07;160.27;129.94;63.89;237.44;120.17;192.68;8.62
01/01/13;202.43;338.92;142.91;284.62;316.29;130.32;117.49;320.85;296.13;197.69;277.14;153.63;156.21;140.43;262.06;158.64;277.31;256.06;307.84;243.79;316.53;290.18;359.54;73.77
01/02/13;177.8;292.98;136.64;82.41;126.93;193.26;190.12;123.48;149.51;222.57;76.72;252.99;162.87;229.04;223.55;231.83;363.66;124.6;124.13;46.58;351.77;85.47;190.37;27.11
01/03/13;177.63;345.2;212.97;224.25;213.28;191.25;148.18;175.15;242.49;183.46;234.98;169.12;219.97;217.93;202.25;169.42;361.9;227.23;199.0;136.1;378.78;207.61;292.46;72.55
01/04/13;70.8;215.8;168.9;104.55;65.44;95.23;135.3;78.9;110.58;86.84;103.5;120.51;128.33;110.1;96.1;107.56;216.46;94.8;89.11;92.5;198.03;85.38;157.61;99.92
01/05/13;124.0;90.44;110.98;25.59;64.77;88.12;136.71;26.66;33.72;97.18;31.0;111.21;39.9;105.71;59.12;61.43;81.14;42.47;26.08;12.38;40.64;40.33;53.11;33.26
01/06/13;65.1;47.02;96.6;11.25;32.94;193.64;311.4;7.5;22.64;111.75;12.3;265.8;115.56;279.9;99.06;92.54;44.85;29.4;13.37;6.82;25.5;19.7;34.42;43.57
01/07/13;21.7;28.68;89.59;0.0;26.82;97.46;16.12;0.31;0.86;52.39;0.0;66.82;11.61;112.22;77.78;13.33;21.25;4.65;0.89;1.28;1.33;10.72;6.39;50.74
01/08/13;3.1;12.77;201.81;0.63;2.74;275.53;7.13;2.48;2.47;9.62;0.93;13.65;0.0;148.8;11.42;27.83;11.88;0.31;3.06;1.39;3.96;1.93;6.49;15.85
01/09/13;63.0;98.49;125.4;51.24;58.75;197.67;111.6;44.4;25.18;65.31;56.1;113.96;56.95;227.4;51.35;62.56;71.65;46.2;44.12;17.24;50.43;51.76;52.72;7.95
01/10/13;110.67;214.39;160.89;79.04;99.07;151.14;149.42;108.81;113.41;104.29;87.11;135.28;101.83;167.71;85.44;154.45;192.51;87.11;115.6;60.48;202.55;87.93;158.54;40.63
01/11/13;177.9;276.79;175.8;163.91;181.25;139.03;119.7;224.7;215.18;151.18;170.1;112.71;130.32;126.9;155.66;155.02;257.8;180.0;225.82;167.35;299.81;168.76;210.74;31.09
01/12/13;175.77;248.96;110.98;283.57;216.61;114.8;100.44;304.11;370.96;133.78;277.76;125.18;123.3;119.04;113.51;201.25;255.28;248.93;318.56;347.13;292.58;313.23;288.19;131.04
01/01/14;59.83;269.52;181.35;100.1;78.44;184.68;184.76;127.72;198.42;84.17;111.91;157.19;96.59;204.29;80.01;345.12;253.93;86.18;158.94;48.34;251.94;84.35;217.0;24.05
01/02/14;122.36;333.92;125.44;79.81;66.05;188.19;134.4;164.36;230.47;112.12;70.56;132.61;149.89;160.44;69.41;266.8;326.63;126.28;182.77;75.17;336.72;58.75;304.98;73.39
01/03/14;165.23;330.39;205.22;145.7;100.89;190.92;181.66;281.79;248.87;158.35;131.13;183.45;182.73;212.35;132.59;233.83;372.93;203.98;275.86;132.18;343.57;111.03;268.01;94.71
01/04/14;67.5;173.37;151.2;102.69;92.48;140.22;206.7;182.4;103.74;85.62;106.5;127.51;92.79;159.0;91.82;106.63;178.68;57.6;151.35;82.58;141.56;94.17;157.1;108.06
01/05/14;23.56;90.64;224.13;6.92;20.28;156.78;143.53;3.1;23.56;41.42;6.82;96.38;56.12;157.79;44.65;113.17;122.08;5.27;9.6;13.67;59.06;12.02;46.45;52.54
01/06/14;3.3;20.43;301.8;2.44;6.12;323.86;188.7;1.8;1.96;23.47;1.2;121.47;18.55;379.8;28.6;47.08;18.59;1.2;2.5;3.48;8.79;5.06;3.71;25.4
01/07/14;35.34;9.18;159.96;35.8;41.68;89.69;134.23;10.54;1.72;36.95;51.15;72.79;81.14;71.3;40.57;44.12;18.83;62.62;7.07;6.89;10.27;42.16;10.43;37.83
01/08/14;2.17;11.97;72.23;0.0;6.96;99.12;28.83;1.86;2.55;22.96;0.0;48.56;3.82;86.18;35.58;24.56;13.86;0.62;2.44;1.19;8.1;5.07;5.12;26.2
01/09/14;77.4;96.24;314.7;12.0;27.95;252.03;218.7;44.4;39.91;81.46;14.1;168.98;107.44;280.2;54.96;55.7;60.94;40.5;41.74;6.76;77.79;16.98;71.8;24.28
01/10/14;36.58;201.99;184.14;53.0;44.01;120.67;61.69;78.74;105.2;35.02;57.04;43.37;69.01;78.43;35.61;102.72;179.95;47.12;86.69;51.13;141.55;57.82;127.44;35.12
01/11/14;200.7;252.82;100.5;256.92;196.24;123.29;151.2;216.9;225.92;171.32;283.5;154.67;216.15;140.7;128.95;156.51;204.18;249.6;228.79;186.01;243.1;227.24;230.84;75.9
01/12/14;255.44;297.64;285.2;220.36;192.53;195.53;155.62;275.9;301.68;231.61;208.94;244.58;232.71;205.84;167.84;118.93;240.31;268.77;289.92;188.93;307.15;183.59;326.76;37.64
01/01/15;121.83;246.36;243.97;89.44;90.41;213.03;200.57;64.17;107.53;130.6;105.09;200.77;107.61;229.4;111.08;263.45;209.19;85.56;81.8;57.64;212.67;87.4;185.24;19.94
01/02/15;178.64;273.61;117.88;235.66;206.28;162.35;183.12;210.28;217.03;190.86;256.2;194.56;228.93;210.0;174.23;220.33;275.04;253.96;222.81;153.54;273.03;226.01;235.29;98.72
01/03/15;198.71;318.81;116.56;229.46;235.14;108.66;126.48;254.51;217.3;210.5;251.41;190.94;197.35;143.22;189.95;150.93;261.42;240.87;252.2;127.98;276.96;221.55;247.0;83.95
01/04/15;48.0;190.54;159.3;69.94;42.03;98.81;97.2;168.6;221.35;56.63;54.6;68.13;88.11;81.6;64.63;117.76;166.98;103.5;188.32;129.08;159.44;55.39;162.28;60.46
01/05/15;80.6;87.96;186.0;58.18;63.96;131.71;198.09;45.26;53.85;83.58;72.85;135.72;130.67;143.84;63.01;146.4;130.97;87.11;54.94;27.48;100.4;61.67;84.27;34.44
01/06/15;18.3;13.24;206.4;16.04;12.67;165.98;71.1;0.0;0.8;24.87;22.8;40.05;27.83;156.0;30.07;38.5;22.62;15.3;0.56;3.51;6.29;16.11;3.03;72.43
01/07/15;48.67;31.15;221.34;0.0;9.15;299.85;339.45;1.24;0.0;68.26;0.0;244.69;71.58;340.07;40.79;57.13;27.68;10.85;0.66;1.41;20.93;3.48;18.0;51.3
01/08/15;5.89;5.64;72.85;0.0;9.47;62.59;42.16;3.41;3.19;18.64;0.0;35.45;9.95;66.03;26.21;30.87;9.67;0.31;4.28;1.35;12.9;4.94;5.84;17.07
01/09/15;135.0;39.54;163.5;52.53;104.6;250.55;184.2;43.2;42.88;149.19;67.2;180.51;121.62;243.9;135.05;42.36;21.01;91.8;48.24;11.64;35.14;71.58;43.78;6.12
01/10/15;97.34;106.6;245.21;44.14;75.36;286.84;178.25;64.79;68.31;100.71;52.7;194.33;135.6;258.54;62.23;64.47;87.31;64.17;72.31;27.68;95.45;55.19;79.11;9.44
01/11/15;231.3;162.23;237.3;170.36;225.91;207.61;279.6;206.7;121.57;227.02;171.6;298.67;217.78;275.1;213.49;115.61;152.29;213.9;183.62;129.77;192.57;188.63;148.92;5.75
01/12/15;219.79;157.74;438.34;149.18;215.56;250.48;460.66;156.24;115.06;213.23;181.66;271.72;251.35;259.78;173.73;96.74;139.39;204.6;128.78;60.71;162.55;185.76;151.53;27.34
01/01/16;331.39;395.78;140.74;397.89;332.56;166.01;228.78;406.1;377.49;252.05;380.37;228.43;252.47;177.94;203.97;193.77;324.2;356.19;398.44;461.21;413.42;360.62;383.23;255.08
01/02/16;163.27;117.68;145.0;106.88;163.77;170.53;243.31;140.65;70.2;192.06;119.77;274.83;173.59;200.97;177.78;211.03;181.28;138.91;115.77;41.06;156.67;123.4;96.64;42.78
01/03/16;158.72;321.7;226.3;153.84;175.23;215.22;136.4;166.78;135.29;175.2;159.65;132.34;115.21;214.21;181.17;155.72;353.5;181.66;153.19;75.46;338.01;148.22;217.9;74.33
01/04/16;17.4;118.25;180.6;9.21;11.52;151.65;80.7;1.5;18.78;33.76;3.3;79.25;47.8;109.2;29.25;106.9;136.55;0.0;0.94;13.37;110.7;16.94;67.0;17.91
01/05/16;81.22;48.6;85.25;5.44;34.84;105.59;259.47;12.09;3.99;96.37;6.82;195.97;137.21;150.66;68.54;33.02;57.16;17.98;8.77;3.81;13.79;16.22;30.26;52.65
01/06/16;93.0;39.98;8.1;16.12;72.35;38.06;75.0;0.0;6.27;119.37;22.5;115.11;85.18;80.7;129.57;24.32;28.83;35.7;2.24;5.58;15.7;38.54;23.96;40.15
01/07/16;0.62;7.91;107.88;0.0;0.78;126.9;34.72;0.31;0.86;13.66;0.0;43.96;1.99;67.27;9.03;8.87;5.95;0.93;0.89;1.39;0.93;0.22;0.62;14.47
01/08/16;38.13;13.35;130.2;7.01;28.43;153.3;227.54;17.98;3.5;54.89;8.68;125.59;55.92;192.51;43.92;42.18;35.8;26.35;12.2;2.61;42.52;15.0;12.29;16.8
01/09/16;11.4;160.9;58.2;21.45;16.19;71.15;29.7;42.0;50.04;26.88;20.4;57.27;31.05;78.0;31.6;58.74;116.18;9.0;42.0;20.91;102.4;21.32;81.92;9.35
01/10/16;102.3;156.21;318.99;82.53;116.72;232.22;257.92;131.75;78.72;111.58;81.84;156.85;113.26;182.9;88.71;107.15;132.36;147.87;109.35;59.98;140.83;82.48;96.2;14.94
01/11/16;146.4;239.99;133.8;196.84;204.24;81.84;63.3;217.8;170.44;130.9;189.6;87.25;123.84;87.9;162.91;129.58;229.24;228.3;205.21;174.31;266.0;212.76;209.52;20.91
01/12/16;177.32;335.4;147.56;179.78;141.83;175.61;214.52;132.37;190.57;156.66;212.66;200.07;227.02;196.23;131.78;151.44;308.97;173.29;150.15;129.54;334.95;185.64;217.27;30.72
01/01/17;251.41;280.44;210.49;117.84;173.74;182.22;169.88;153.14;174.82;268.44;124.93;263.3;244.84;193.13;218.45;166.34;282.34;233.12;157.77;72.49;303.84;122.98;258.44;23.43
01/02/17;114.52;350.56;193.2;174.58;102.58;135.54;173.88;204.12;254.07;109.43;168.0;121.9;108.54;178.08;72.63;187.09;364.4;144.48;235.45;166.79;373.52;139.73;312.73;71.6
01/03/17;119.04;274.85;192.82;114.21;118.14;144.11;144.46;175.46;171.16;133.19;108.5;133.67;153.57;128.34;140.33;185.92;266.02;139.5;190.49;125.89;251.47;103.54;243.56;62.95
01/04/17;104.7;231.54;275.4;19.5;59.89;135.01;214.2;106.5;110.8;102.78;19.5;128.45;87.91;117.6;93.53;147.08;226.2;75.6;94.89;37.73;202.78;36.47;161.74;76.31
01/05/17;121.52;35.94;353.09;54.03;83.87;279.65;248.0;38.13;14.51;134.74;62.0;207.08;105.61;244.28;99.81;94.27;62.47;73.16;29.31;21.1;38.47;63.27;30.45;61.7
01/06/17;9.3;25.07;146.1;4.59;14.74;154.74;72.9;0.0;0.77;53.82;6.3;116.51;20.96;165.3;67.85;30.33;21.04;2.4;0.42;2.09;8.18;10.1;13.63;83.14
01/07/17;0.0;3.51;0.31;0.0;0.78;0.0;0.0;0.31;1.2;4.59;0.0;5.09;0.46;0.0;10.94;1.57;6.23;0.93;1.18;3.09;0.59;0.55;0.24;63.72
01/08/17;26.04;16.51;184.45;0.0;8.34;124.63;113.46;1.86;0.62;42.08;0.0;96.1;37.46;125.24;46.18;49.61;26.5;1.24;1.28;0.93;13.96;3.53;7.2;17.92
01/09/17;18.9;23.69;112.5;21.87;28.06;103.39;16.2;15.0;8.14;26.45;27.3;36.58;18.33;80.7;24.39;53.8;41.43;22.8;14.86;7.78;23.18;24.35;14.4;51.59
01/10/17;104.16;150.58;264.43;53.75;93.59;225.78;327.67;53.01;40.28;104.5;58.28;229.24;140.47;257.92;62.53;94.92;124.07;88.66;48.82;30.29;117.4;73.84;84.9;7.37
01/11/17;201.0;246.2;143.7;210.1;167.54;155.78;195.3;241.5;195.62;163.83;218.1;175.84;205.97;172.8;122.41;147.15;219.53;329.1;228.35;141.92;267.25;187.87;224.21;35.81
01/12/17;146.94;309.04;88.35;216.62;169.69;145.42;285.51;227.54;244.47;138.07;225.68;208.75;175.19;201.81;101.21;280.04;311.89;203.05;233.18;187.42;325.27;207.96;257.53;32.66
01/01/18;196.23;258.77;211.73;194.61;194.49;211.53;241.8;158.1;169.37;191.08;209.87;260.68;216.6;271.56;172.96;272.26;272.61;271.25;158.97;110.29;285.78;184.22;217.16;56.87
01/02/18;122.92;346.26;89.04;193.07;151.91;87.78;161.56;202.72;289.32;103.74;175.56;87.49;111.06;81.76;107.06;227.73;379.39;173.88;228.18;219.47;386.79;196.93;321.85;145.38
01/03/18;119.66;302.3;160.89;132.25;153.53;175.56;206.15;158.72;170.99;151.85;121.52;189.41;103.61;239.63;146.77;170.98;341.91;95.17;166.96;153.52;380.24;147.12;261.89;78.01
01/04/18;20.4;210.44;73.5;69.75;31.29;49.2;1.2;121.2;147.08;37.88;62.7;28.34;42.32;26.7;64.74;98.6;215.07;86.4;118.4;61.52;196.44;57.44;165.48;84.7
01/05/18;13.02;56.06;102.3;15.44;23.39;82.63;77.5;14.57;7.76;21.1;18.29;38.01;51.63;57.97;24.98;67.77;65.51;16.12;13.85;6.33;33.95;18.16;21.15;17.15
01/06/18;4.8;14.69;145.2;0.19;15.07;158.46;49.2;0.0;1.13;20.76;0.0;51.38;7.47;120.9;34.11;35.4;25.83;0.0;0.84;2.19;9.1;6.33;1.89;29.98
01/07/18;0.0;9.15;99.51;0.0;1.7;110.75;8.68;0.31;0.0;9.52;0.0;5.59;0.46;35.96;21.48;9.32;9.85;0.93;0.17;1.28;1.27;0.73;0.5;13.13
01/08/18;50.84;28.47;151.59;15.31;52.51;132.97;133.61;13.33;9.7;57.83;17.67;121.36;81.92;95.17;59.9;57.87;50.5;18.6;13.19;8.44;35.36;31.72;12.92;14.85
01/09/18;60.9;110.39;181.8;44.9;63.11;156.88;156.9;44.4;24.13;69.44;54.9;103.41;124.44;129.3;67.68;57.48;83.97;66.6;38.39;12.37;85.36;51.6;63.51;7.03
01/10/18;193.75;170.07;194.06;124.15;166.07;219.16;266.6;167.4;134.71;199.56;139.5;223.25;223.44;246.45;204.84;146.48;164.06;176.7;152.8;94.4;167.27;140.81;137.61;17.66
01/11/18;162.3;216.09;226.2;321.04;225.22;147.71;173.4;236.7;249.38;141.98;348.0;133.46;242.02;112.5;143.18;185.43;216.9;300.0;244.67;174.19;263.7;261.07;278.56;36.43
01/12/18;118.11;217.24;163.37;216.59;180.99;119.25;71.92;180.73;204.16;107.15;226.92;100.07;96.32;96.41;96.54;181.24;240.54;180.73;187.52;190.28;246.55;214.63;207.62;114.91
01/01/19;88.97;251.88;230.33;50.9;76.28;156.14;176.08;82.46;84.99;128.15;60.45;147.35;80.72;151.9;139.0;214.13;261.12;49.91;78.41;29.54;232.33;56.33;167.67;31.09
01/02/19;190.12;301.14;173.32;264.99;233.21;183.96;159.88;208.32;194.91;205.55;297.08;183.79;186.2;250.6;209.54;202.5;343.05;208.32;208.19;154.53;364.44;254.01;212.96;67.33
01/03/19;164.3;286.85;195.61;176.84;160.53;129.37;212.66;203.98;245.42;166.86;165.23;155.22;156.63;142.91;174.59;144.36;341.77;157.79;222.91;194.66;345.95;148.94;225.33;153.02
01/04/19;103.8;219.89;154.5;89.95;117.97;150.53;104.7;147.6;156.19;120.16;75.0;87.13;89.07;169.5;142.98;116.89;256.73;90.6;142.42;88.5;240.74;93.26;201.59;60.71
01/05/19;23.56;98.07;320.54;41.09;49.65;248.3;194.99;41.85;35.34;45.9;40.3;118.83;51.02;256.99;60.08;56.93;92.0;31.93;35.78;29.03;47.14;40.88;47.5;17.13
01/06/19;7.8;29.36;58.2;0.19;6.49;83.05;28.5;0.0;1.56;24.68;0.0;67.91;8.09;103.2;33.32;36.71;28.45;0.0;0.98;1.76;9.04;4.55;3.66;62.82
01/07/19;17.36;7.7;152.21;0.0;9.8;64.76;15.5;0.31;0.51;47.97;0.0;44.1;10.48;35.65;66.81;29.14;8.56;1.24;0.6;1.35;1.43;2.77;8.08;18.7
01/08/19;14.88;17.69;99.82;2.33;14.06;63.59;13.33;1.86;2.75;18.78;3.41;22.77;8.92;60.76;35.18;7.95;12.75;6.51;2.73;4.02;8.36;8.85;4.07;34.48
01/09/19;53.1;53.2;78.0;28.93;54.35;79.77;10.2;16.8;23.6;56.5;37.5;61.12;36.6;105.0;57.88;32.44;39.45;37.8;20.16;14.36;22.65;38.85;22.56;9.24
01/10/19;74.4;224.26;384.4;57.9;66.08;245.47;102.61;67.58;91.55;60.89;73.16;85.3;90.14;155.93;47.5;85.11;157.82;115.32;79.14;42.24;187.49;69.98;127.51;15.68
01/11/19;121.8;201.55;162.0;169.03;183.31;126.0;191.1;132.6;139.11;120.55;171.6;138.68;207.2;126.0;127.42;183.2;202.45;159.6;137.64;115.73;231.9;180.75;144.73;19.69
01/12/19;185.69;217.17;88.66;177.89;174.93;81.02;463.45;209.25;182.0;151.91;199.64;210.55;231.93;131.75;131.81;257.04;254.23;255.44;183.38;110.76;235.27;197.99;197.95;29.86
01/01/20;256.99;239.17;221.65;328.06;283.72;178.1;188.79;317.13;327.25;212.07;350.3;129.74;208.61;180.73;166.59;174.04;157.15;332.01;315.97;287.37;182.43;358.29;251.85;87.69
01/02/20;251.72;321.0;78.59;328.83;409.38;113.66;108.46;271.15;207.44;267.84;376.71;180.7;186.85;116.87;294.12;204.53;260.53;370.04;238.43;162.47;323.35;348.06;262.82;131.51
01/03/20;65.1;267.96;18.29;226.71;136.83;28.74;59.52;155.62;206.65;73.69;195.61;63.03;66.76;47.74;89.55;88.06;261.16;90.21;195.22;269.16;285.21;188.17;234.02;160.82
01/04/20;26.1;221.71;31.2;70.0;17.04;35.57;33.3;106.5;153.71;30.6;27.9;30.93;41.57;43.2;28.05;92.68;108.29;43.2;117.27;100.68;93.83;31.46;154.97;114.76
01/05/20;14.26;110.64;210.18;41.25;26.82;123.09;84.94;24.8;40.61;22.03;43.71;44.79;51.26;105.71;39.46;46.46;70.26;27.59;25.52;31.88;49.22;40.02;38.38;55.76
01/06/20;21.0;11.4;245.4;0.19;10.47;177.46;96.3;0.0;0.96;60.75;0.0;119.78;34.24;140.1;69.94;28.12;13.63;0.0;0.7;3.21;3.12;4.25;5.45;52.98
01/07/20;0.0;3.02;221.34;0.0;0.78;233.89;12.4;0.31;1.03;8.86;0.0;19.13;1.89;116.25;21.08;30.3;8.51;0.93;1.03;2.09;0.84;1.49;0.64;38.57
01/08/20;6.82;6.13;99.82;0.0;9.61;113.38;145.39;1.86;2.75;34.56;0.0;135.12;46.96;164.92;44.99;29.84;8.74;0.31;2.73;1.63;5.34;6.18;5.28;21.23
01/09/20;2.1;45.21;104.4;7.46;19.48;99.78;0.0;14.4;8.7;10.57;6.6;14.78;8.44;45.6;47.01;31.62;30.2;9.9;14.68;5.94;20.45;11.7;14.45;10.05
01/10/20;84.01;170.26;102.92;103.39;81.98;73.5;98.89;93.62;133.45;77.58;98.27;67.3;138.08;79.36;69.29;75.0;148.59;98.58;117.61;99.9;143.14;103.67;136.47;7.41
01/11/20;97.5;186.01;97.2;142.68;143.62;96.59;87.3;164.4;142.97;92.38;136.2;88.92;112.3;96.0;99.25;66.09;171.98;127.8;164.4;187.02;155.58;139.75;168.64;81.19
01/12/20;204.6;274.58;133.3;222.2;300.69;132.78;191.89;182.59;180.57;221.59;243.66;177.46;183.69;169.57;270.5;219.88;275.41;225.06;165.97;106.74;327.28;252.28;211.39;15.51
01/01/21;110.05;256.97;201.81;147.34;194.91;265.69;288.61;161.2;164.99;137.13;167.71;219.71;282.67;317.44;137.11;209.73;272.08;185.07;162.65;116.14;265.49;180.48;210.57;41.9
01/02/21;122.36;364.6;66.64;272.06;256.39;67.22;97.44;318.92;351.24;157.94;266.28;75.81;178.27;64.12;255.78;172.81;341.54;242.48;327.93;247.05;373.86;280.17;308.14;109.33
01/03/21;91.14;328.3;154.38;91.7;132.25;174.85;216.07;139.5;239.34;113.54;105.09;165.86;181.85;207.39;117.84;161.67;314.98;111.29;159.59;77.68;300.37;105.7;251.21;65.31