date;agua_vermelha;belo_monte;dona_francisca;emborcacao;furnas;ita;itaipu;itumbiara;lageado;nova_avanhandava;nova_ponte;porto_primavera;rosana;salto_caxias;santa_cecilia;santo_antonio;sao_luiz_do_tapajos;sao_simao;serra_da_mesa;sobradinho;teles_pires;tres_marias;tucurui;xingo
1979-01-01;229.53;382.81;33.35;417.01;218.52;32.38;104.85;402.86;424.82;134.69;353.45;95.79;242.07;70.03;184.19;286.55;282.7;343.04;533.67;387.93;299.48;405.93;446.42;124.41
1979-02-01;189.28;353.67;180.3;274.2;269.51;118.03;148.94;269.82;333.53;128.44;310.65;120.77;141.0;150.07;161.25;183.56;390.08;243.64;335.12;316.58;443.03;375.03;325.67;99.39
1979-03-01;118.07;214.84;76.51;134.75;138.14;100.72;75.71;162.06;185.34;104.34;149.35;69.26;113.13;79.69;172.59;235.91;300.93;168.87;193.69;108.98;204.35;138.17;215.59;76.03
1979-04-01;78.15;147.57;164.54;66.99;66.15;126.5;128.49;69.65;94.82;73.41;101.0;62.58;72.69;137.93;82.84;83.8;170.22;54.71;77.04;74.14;118.12;86.67;140.38;67.96
1979-05-01;85.58;72.86;160.51;46.19;70.15;207.18;202.62;44.47;18.04;104.25;77.28;180.74;84.53;306.04;73.48;77.89;69.25;46.3;34.33;20.0;66.01;65.1;38.61;33.84
1979-06-01;1.91;2.7;57.83;0.2;1.1;44.72;6.5;0.02;0.06;3.09;0.27;6.05;0.45;28.31;23.29;7.9;1.71;0.01;0.0;1.27;0.19;0.06;3.42;19.57
1979-07-01;39.35;7.67;134.8;13.89;48.44;134.07;96.76;13.37;0.0;43.6;26.31;65.05;75.88;86.87;47.01;20.65;8.53;22.61;2.43;1.69;6.56;25.68;5.06;12.68
1979-08-01;41.48;59.7;144.06;23.23;54.84;104.06;106.16;21.68;35.3;69.01;25.71;80.34;27.01;136.74;89.4;38.61;44.71;22.23;35.14;5.2;45.19;30.83;51.4;2.31
1979-09-01;122.23;107.9;189.15;85.86;124.21;93.99;215.55;73.16;46.81;132.22;105.39;173.21;161.61;164.49;109.31;62.69;101.44;102.93;43.71;18.42;116.17;76.19;94.64;6.29
1979-10-01;108.3;124.92;349.37;71.18;90.75;352.14;189.76;89.69;133.44;115.48;97.34;149.35;117.34;311.82;109.16;77.16;146.18;91.71;88.41;79.03;135.46;77.36;114.97;2.41
1979-11-01;174.69;239.07;161.26;234.26;209.41;159.47;162.72;196.47;228.56;143.02;253.45;131.93;186.05;163.01;215.05;167.9;275.42;207.28;221.46;199.22;254.18;196.95;199.77;37.58
1979-12-01;345.04;242.63;225.54;322.66;298.53;198.38;265.23;274.79;207.93;248.82;281.15;168.99;339.01;212.33;214.68;193.58;265.04;285.1;235.79;188.49;253.66;305.19;259.08;55.51
1980-01-01;283.77;370.52;83.52;389.17;337.76;119.7;146.32;328.43;351.58;203.49;424.33;208.97;187.67;194.14;230.05;290.42;420.64;279.44;477.85;335.99;439.28;401.52;323.95;145.28
1980-02-01;237.65;446.67;95.84;302.42;156.96;119.73;180.01;379.34;512.6;238.9;220.4;237.08;273.27;164.08;209.5;274.67;413.22;323.81;586.6;304.36;490.7;150.22;529.64;225.57
1980-03-01;103.7;276.82;205.22;59.21;86.15;149.5;116.48;59.37;108.05;90.69;93.29;118.29;114.72;133.26;134.53;219.39;263.51;70.84;79.59;27.23;219.39;54.47;171.28;47.18
1980-04-01;151.82;150.23;94.21;190.03;163.92;69.59;64.09;142.69;123.94;124.11;182.53;97.61;95.32;74.86;136.91;140.42;163.89;96.9;156.5;74.7;164.04;154.92;145.24;16.85
1980-05-01;24.97;61.63;172.56;21.36;19.64;119.8;181.38;24.63;10.21;26.51;30.21;65.23;71.86;139.07;18.18;86.78;66.52;25.77;15.43;6.83;36.09;21.11;28.22;2.85
1980-06-01;87.93;22.12;63.86;32.37;80.1;67.36;61.23;15.04;2.4;90.64;71.05;76.03;43.95;90.09;64.99;40.45;26.58;20.39;8.83;8.23;12.54;63.31;10.59;17.22
1980-07-01;3.22;5.77;163.78;0.03;1.52;165.63;63.75;0.3;0.25;10.07;3.15;67.9;6.14;179.28;15.38;34.36;7.21;0.06;0.12;0.74;0.22;1.92;3.28;9.52
1980-08-01;17.2;29.42;139.14;8.32;24.47;177.39;89.28;5.2;0.03;24.91;19.0;65.44;14.96;182.2;52.91;62.05;41.12;4.72;0.76;0.87;24.06;6.73;8.61;1.56
1980-09-01;85.92;82.19;142.26;49.77;49.36;147.23;184.89;54.88;42.18;69.91;61.56;145.78;127.33;213.64;60.12;66.95;110.35;48.95;69.57;22.3;100.09;44.98;65.64;4.98
1980-10-01;98.67;122.77;219.23;66.88;78.61;179.69;156.02;57.19;48.65;76.01;51.09;91.32;99.46;175.51;114.91;126.56;158.92;84.01;37.06;25.41;111.94;39.52;80.67;10.79
1980-11-01;228.99;259.84;195.23;297.49;228.86;124.28;137.06;241.46;320.41;156.89;252.28;97.46;155.77;125.43;174.14;153.45;259.69;194.05;300.53;191.68;322.54;207.89;267.39;51.49
1980-12-01;319.21;294.42;208.28;306.48;340.08;256.71;193.74;304.67;372.22;277.52;319.38;243.55;269.01;283.66;274.09;165.36;337.6;265.86;346.02;253.72;419.01;278.39;316.16;56.12
1981-01-01;281.37;315.81;189.54;335.65;316.18;143.72;170.54;268.59;304.72;260.29;322.86;210.05;208.83;166.09;254.23;322.66;391.93;228.21;307.99;190.83;311.37;262.54;285.84;56.9
1981-02-01;101.74;195.58;133.18;60.2;81.92;181.29;141.66;76.27;78.13;92.99;61.47;106.79;159.49;145.29;118.92;235.98;271.34;87.15;67.26;21.36;240.03;57.22;149.37;12.14
1981-03-01;165.84;284.33;53.62;221.23;201.31;62.38;88.97;265.86;312.92;120.75;237.23;67.86;159.09;84.21;194.45;209.14;346.63;264.9;355.67;322.58;352.36;216.97;344.31;288.37
1981-04-01;54.93;105.6;79.28;43.4;48.84;133.73;131.77;62.22;81.48;67.51;49.23;129.27;79.24;156.78;109.38;128.2;193.06;62.03;63.13;60.12;162.03;30.06;102.57;54.11
1981-05-01;13.37;23.98;33.3;21.66;27.14;30.85;17.84;11.42;9.65;24.81;24.15;18.61;3.74;37.33;30.33;88.89;38.81;3.49;16.09;10.25;23.63;22.48;11.41;4.45
1981-06-01;67.33;20.4;127.67;39.35;48.78;92.63;129.98;35.36;39.12;83.1;50.87;78.67;91.82;106.84;45.46;49.45;34.6;32.7;33.6;21.44;8.96;49.56;22.57;12.15
1981-07-01;2.49;6.52;45.45;5.12;4.37;60.76;12.6;10.93;1.81;17.14;0.34;23.37;1.77;41.33;41.77;12.43;2.2;4.57;9.79;2.05;0.96;0.1;6.07;5.98
1981-08-01;5.86;25.18;58.12;10.75;22.49;85.13;37.72;2.06;12.17;9.73;10.52;16.51;5.53;91.16;29.04;60.5;38.85;0.52;6.84;8.54;3.91;26.66;10.81;6.88
1981-09-01;15.59;45.83;214.09;4.08;32.6;146.42;55.25;7.0;3.58;15.61;16.07;30.71;22.37;99.95;30.31;82.0;58.68;13.6;8.03;2.93;42.09;10.17;15.3;2.6
1981-10-01;261.0;171.77;80.32;227.03;211.96;99.14;226.04;232.14;219.67;202.1;281.38;206.55;175.1;170.35;163.75;155.38;232.32;196.24;235.48;157.01;203.01;239.53;145.32;1.71
1981-11-01;192.55;282.94;142.69;330.78;239.52;122.26;132.04;291.87;308.76;170.97;228.27;133.34;172.89;189.27;193.33;170.31;299.39;263.7;301.99;229.3;392.99;344.42;260.73;16.93
1981-12-01;317.83;242.43;146.46;259.37;334.83;173.59;368.88;284.18;192.52;197.09;348.62;221.98;277.46;248.98;239.9;289.08;292.08;304.56;183.78;134.13;280.55;322.33;201.75;54.78
1982-01-01;332.98;426.89;40.49;414.0;298.09;64.37;66.79;460.49;491.31;300.51;452.73;133.01;219.62;63.01;289.27;312.03;444.12;442.98;507.97;272.86;388.56;403.81;432.41;41.34
1982-02-01;176.74;323.16;203.27;86.48;159.82;214.17;171.85;133.79;134.18;230.15;131.43;212.92;171.41;230.65;163.97;251.4;283.69;153.77;145.47;54.24;264.11;86.37;210.67;38.67
1982-03-01;334.26;305.91;78.96;388.86;332.22;110.93;130.94;340.02;227.15;242.24;378.04;120.39;346.22;95.96;272.07;263.62;342.38;326.79;255.06;188.45;303.1;371.81;265.17;60.2
1982-04-01;44.04;234.25;37.43;58.68;41.58;26.22;52.82;65.2;85.35;67.24;67.68;39.97;63.79;37.98;75.9;164.36;231.54;97.66;82.6;64.37;187.41;53.69;147.06;59.4
1982-05-01;61.52;68.43;118.67;62.96;33.32;89.04;100.57;85.77;12.75;70.08;49.09;78.24;80.1;112.45;29.03;84.06;75.46;81.86;42.63;15.3;25.41;30.52;43.73;28.42
1982-06-01;46.97;17.11;274.26;2.99;44.99;233.19;265.38;8.56;0.01;135.61;16.22;235.81;74.32;282.88;108.9;79.0;23.29;23.69;0.0;0.39;8.11;6.26;5.65;18.34
1982-07-01;23.85;10.12;151.86;11.26;26.33;137.81;145.06;8.13;0.01;45.42;16.52;122.69;49.52;209.91;49.23;62.95;9.86;10.84;0.57;0.68;2.63;8.22;1.29;12.84
1982-08-01;34.02;21.45;204.88;4.18;31.61;151.34;72.87;25.57;9.23;34.45;9.42;45.04;44.87;114.19;86.97;58.37;43.94;32.04;32.61;4.81;26.4;2.94;19.07;10.13
1982-09-01;45.1;150.18;128.7;32.74;25.85;74.59;64.43;55.02;53.63;28.37;58.78;30.22;58.84;43.25;44.73;102.93;136.3;63.97;64.15;23.11;155.2;12.77;95.83;10.75
1982-10-01;222.02;103.06;276.77;140.21;175.93;276.15;248.59;178.61;91.35;236.64;162.59;224.05;197.22;274.03;181.52;136.41;116.8;161.78;194.66;43.02;155.54;139.53;121.54;5.37
1982-11-01;163.96;156.86;353.24;90.21;152.64;307.92;335.53;152.06;128.28;174.07;162.91;288.85;208.46;427.52;154.02;162.23;173.9;169.81;136.45;38.57;225.32;100.94;128.66;1.6
1982-12-01;324.9;259.6;151.59;258.55;380.27;136.05;177.89;315.93;206.17;280.31;332.24;262.55;284.19;163.1;314.17;175.8;271.71;304.79;228.51;116.55;257.58;344.08;236.43;33.43
1983-01-01;383.24;284.24;151.23;495.3;386.96;183.34;204.84;449.38;386.12;329.98;457.03;235.86;338.3;187.0;245.38;206.2;305.81;426.12;424.24;293.78;337.33;452.63;314.38;81.0
1983-02-01;312.44;281.48;259.19;304.56;246.68;237.99;145.01;246.3;296.35;259.04;330.65;109.1;167.74;186.28;208.96;164.38;260.96;239.49;331.95;191.82;267.59;312.49;256.56;118.64
1983-03-01;231.99;334.41;137.22;251.51;291.75;148.9;211.47;304.6;269.43;210.12;249.0;200.73;160.79;192.12;230.69;160.38;321.13;229.47;275.32;163.19;283.29;234.77;287.12;86.14
1983-04-01;164.82;126.14;254.29;159.36;153.01;161.44;226.51;130.55;63.13;164.76;189.05;154.98;137.48;202.83;171.47;100.08;137.32;131.78;93.42;62.5;99.5;172.92;77.36;22.2
1983-05-01;146.77;47.38;313.97;32.41;141.95;310.24;334.36;43.79;5.59;229.75;66.42;310.06;121.89;390.64;162.83;118.67;62.9;42.72;22.72;10.09;37.0;70.52;26.55;4.82
1983-06-01;55.66;20.66;154.85;8.8;125.61;180.52;203.52;6.27;0.32;155.18;29.61;253.58;36.91;229.52;173.42;34.07;34.19;10.7;3.6;0.85;17.48;19.99;7.6;8.27
1983-07-01;52.76;14.94;510.1;40.07;53.78;673.3;112.39;32.09;0.65;32.17;48.12;49.82;32.8;573.87;55.19;36.11;15.25;34.13;16.98;3.65;9.57;30.13;5.06;9.71
1983-08-01;0.7;27.86;189.45;2.59;3.71;168.15;2.96;0.44;0.89;5.98;4.15;1.46;0.01;31.77;22.13;6.19;21.12;0.15;0.05;0.19;0.4;2.41;7.04;6.4
1983-09-01;191.32;77.96;132.11;61.47;294.93;175.17;255.72;72.45;19.11;231.26;130.97;238.72;113.19;267.01;268.66;35.82;72.61;87.62;49.21;11.73;58.72;92.84;52.56;0.28
1983-10-01;228.3;228.38;163.18;187.91;187.31;117.53;199.32;173.35;124.83;149.28;252.26;125.41;159.16;174.56;143.47;98.49;220.14;164.93;146.63;84.79;230.29;213.8;164.5;1.44
1983-11-01;177.5;167.22;105.26;247.25;194.04;146.14;173.94;235.46;210.94;156.94;226.18;127.6;185.66;151.55;160.64;160.61;184.21;205.93;239.03;230.45;186.23;258.59;210.47;27.87
1983-12-01;328.77;297.95;115.36;344.94;393.76;153.23;116.15;343.19;297.17;262.41;353.3;166.4;223.43;158.82;277.68;178.44;272.31;322.54;354.22;203.18;270.44;333.29;298.24;22.91
1984-01-01;191.95;294.93;320.6;122.04;150.84;193.64;161.28;152.21;141.14;196.68;176.77;153.0;229.47;165.83;192.63;292.48;296.27;202.22;149.73;79.24;226.99;121.93;170.03;27.04
1984-02-01;98.35;318.3;111.11;89.36;55.96;145.78;94.58;118.69;139.85;70.43;90.84;74.7;142.16;103.42;35.01;267.89;246.23;138.04;143.7;54.51;259.82;41.19;189.42;15.32
1984-03-01;107.57;313.58;88.44;141.31;93.1;126.8;164.43;169.36;228.27;104.12;118.37;118.17;184.72;178.74;146.57;226.92;271.91;161.32;221.92;161.35;221.76;142.08;288.44;150.69
1984-04-01;119.76;316.78;205.98;111.37;85.21;110.2;130.73;104.45;147.53;95.99;92.79;109.0;113.42;133.6;120.08;158.75;250.66;158.96;109.88;90.57;221.11;78.49;218.95;186.19
1984-05-01;65.0;105.56;291.4;25.43;64.22;125.81;79.81;36.14;13.67;62.83;69.1;79.22;49.1;102.72;92.45;47.96;121.3;42.01;12.41;6.35;94.58;25.63;51.99;36.09
1984-06-01;0.26;19.98;260.32;0.01;1.52;212.36;37.38;0.1;0.66;2.03;0.71;23.1;0.76;188.61;6.83;26.95;10.32;0.06;0.08;0.42;6.51;1.24;6.23;10.55
1984-07-01;2.22;11.21;218.82;0.47;2.72;172.54;23.32;0.14;0.17;8.07;2.83;27.32;1.92;66.56;20.01;9.27;5.59;0.02;0.0;0.5;2.43;2.49;2.45;20.7
1984-08-01;70.79;35.73;223.92;59.94;48.25;289.08;82.53;68.9;14.56;112.85;41.25;96.14;83.33;265.16;83.93;35.38;43.32;72.29;40.69;14.34;41.08;44.67;29.57;8.3
1984-09-01;88.5;131.03;189.85;79.3;95.3;173.18;126.24;74.18;44.57;104.47;117.27;125.05;62.96;128.35;94.73;63.15;102.63;70.65;79.24;39.66;108.3;108.69;86.78;17.39
1984-10-01;61.84;209.72;158.32;77.03;60.74;131.92;74.38;85.96;149.78;41.11;65.89;40.97;73.76;69.28;61.92;143.3;212.64;94.5;149.33;85.47;198.95;92.58;169.67;14.55
1984-11-01;164.93;158.16;113.19;147.22;180.0;177.17;195.35;154.54;118.8;119.34;150.77;143.37;162.97;233.36;136.17;190.13;184.05;163.27;140.22;98.07;211.08;176.17;152.14;24.71
1984-12-01;296.96;251.07;132.31;250.84;287.14;160.3;244.34;241.57;170.3;196.12;296.61;232.65;246.6;158.92;193.05;231.7;253.0;221.43;176.95;149.31;251.21;323.89;192.04;13.4
1985-01-01;367.63;423.47;61.07;475.66;442.35;71.45;78.78;449.22;502.85;207.87;516.97;106.54;231.96;53.7;373.98;248.82;436.34;412.39;619.97;415.33;427.21;488.15;497.15;237.99
1985-02-01;150.04;284.44;165.66;112.88;186.81;242.14;184.12;141.05;166.15;169.16;171.16;152.08;177.36;247.16;288.7;189.02;301.69;156.39;162.78;91.4;258.92;140.51;258.3;133.13
1985-03-01;256.72;332.96;204.06;224.72;251.36;158.42;188.26;255.23;224.81;184.05;242.25;162.97;220.0;104.58;250.53;167.34;349.68;273.64;220.79;154.58;285.09;241.9;305.26;173.82
1985-04-01;114.62;262.4;186.26;41.93;67.93;139.86;142.17;85.99;125.64;137.28;40.04;144.67;128.9;191.66;128.85;148.0;313.81;125.14;112.67;55.45;295.29;35.83;242.63;227.79
1985-05-01;21.13;106.86;186.08;17.62;32.25;106.58;109.24;15.19;31.36;60.03;13.79;88.18;43.63;50.92;74.48;48.79;87.58;14.44;27.68;20.48;43.57;21.92;76.14;51.49
1985-06-01;5.71;20.59;92.11;0.08;7.44;49.49;34.16;0.57;0.15;17.87;1.18;24.44;11.37;42.23;18.46;13.94;9.35;7.34;0.0;6.12;0.05;5.64;12.73;55.33
1985-07-01;3.25;16.83;198.17;0.17;0.66;86.37;65.22;0.11;1.29;8.43;0.0;30.15;27.8;79.54;6.1;50.48;19.34;6.4;0.27;0.67;8.52;0.05;8.55;32.77
1985-08-01;5.23;21.46;260.16;0.3;12.63;134.14;26.59;1.97;3.06;11.61;1.13;10.28;6.95;40.45;32.87;41.12;29.39;3.69;2.22;2.02;9.61;5.3;7.09;19.82
1985-09-01;29.83;81.56;167.68;62.14;85.58;112.35;48.5;45.59;39.72;62.7;72.22;53.89;19.93;97.57;112.72;75.61;107.78;25.89;53.2;40.06;98.16;76.01;57.02;4.32
1985-10-01;61.58;192.66;37.48;105.32;76.4;103.57;95.68;122.15;195.79;43.97;127.61;53.25;61.0;120.46;77.14;83.3;226.83;92.79;141.23;116.24;201.2;89.47;186.49;11.63
1985-11-01;196.53;206.05;39.76;189.44;189.88;95.61;82.62;185.97;193.2;143.86;169.22;113.74;118.89;88.45;148.44;155.44;228.17;186.83;179.03;159.91;224.74;192.26;200.49;35.27
1985-12-01;188.26;398.63;52.99;260.04;283.2;74.24;59.97;267.7;422.42;131.77;214.46;78.39;81.02;59.9;218.04;163.62;332.02;188.95;449.07;333.91;268.8;255.49;347.11;152.99
1986-01-01;238.74;243.36;104.36;303.29;236.66;131.23;168.43;241.54;261.32;152.85;329.11;159.99;208.87;202.55;197.3;192.3;385.6;233.9;270.84;198.99;366.31;293.19;275.72;37.28
1986-02-01;199.3;307.06;125.42;227.77;221.58;137.26;211.48;203.34;191.74;218.36;225.95;224.09;190.47;207.3;277.18;239.49;282.44;185.8;174.82;131.35;307.29;222.3;246.74;94.04
1986-03-01;219.01;276.08;246.96;117.24;174.77;77.76;146.35;140.66;188.85;203.18;212.37;148.08;214.55;116.32;269.59;209.07;315.66;202.33;140.18;70.09;252.12;111.06;272.69;187.36
1986-04-01;51.64;197.1;250.92;25.8;43.9;197.61;105.26;41.9;114.59;56.06;49.44;96.52;74.27;164.87;96.41;88.2;189.29;59.0;91.3;54.04;164.92;30.96;178.97;62.18
1986-05-01;116.97;87.21;235.56;38.86;93.61;158.32;231.52;45.05;14.45;104.24;73.51;157.25;114.0;194.18;78.44;95.67;125.97;72.26;24.13;12.2;68.29;44.68;44.35;21.88
1986-06-01;0.73;28.44;153.93;64.75;4.83;50.9;15.76;0.37;0.29;2.87;4.04;2.82;0.37;27.52;13.12;16.57;15.28;1.77;0.12;19.78;4.7;3.81;15.22;18.91
1986-07-01;49.39;36.51;100.29;105.89;55.36;57.56;47.29;20.52;3.3;34.02;59.82;19.98;25.11;47.6;69.08;22.61;27.24;18.81;7.91;35.53;15.05;39.23;13.64;21.57
1986-08-01;86.39;54.01;195.36;145.05;89.15;108.49;157.65;64.01;22.0;125.77;83.48;161.2;109.67;123.02;99.85;61.99;61.13;64.56;38.82;45.48;67.08;60.25;39.7;7.21
1986-09-01;27.56;91.8;138.66;101.4;24.57;152.91;95.24;35.95;17.56;38.9;44.59;72.88;51.55;157.51;63.37;60.07;118.64;56.93;19.2;23.52;81.18;11.31;47.42;7.31
1986-10-01;76.54;234.72;109.91;160.56;39.37;130.71;80.87;98.95;178.75;61.39;73.65;71.93;75.03;126.0;62.0;87.57;173.58;89.84;114.89;99.14;230.97;21.86;183.45;15.76
1986-11-01;114.53;155.91;393.11;187.52;122.32;211.5;104.92;122.0;124.18;115.79;127.66;121.78;119.67;156.59;166.12;153.68;211.13;109.36;144.37;98.59;216.42;129.67;155.87;31.95
1986-12-01;366.02;240.23;88.31;421.1;468.65;123.83;200.84;376.17;252.13;344.07;415.95;257.4;283.54;187.08;427.63;175.63;297.57;355.74;314.74;222.05;290.45;387.85;255.96;30.93
1987-01-01;297.14;206.07;227.25;210.41;265.72;181.74;159.97;216.6;157.84;287.99;255.16;181.91;288.15;152.77;300.75;275.29;279.08;234.17;162.35;90.29;239.7;199.89;193.32;42.07
1987-02-01;189.09;203.07;185.43;100.26;146.29;165.46;192.16;152.25;149.24;198.56;139.88;207.68;199.92;215.45;175.56;135.72;261.61;211.86;150.35;47.01;259.28;90.26;184.5;35.54
1987-03-01;145.52;317.11;81.62;149.41;123.9;52.26;84.84;192.66;334.54;104.54;143.86;53.56;150.23;47.07;127.14;159.18;306.19;235.19;249.29;186.86;269.32;132.06;310.23;186.58
1987-04-01;92.12;176.11;313.75;127.47;140.27;211.56;151.13;148.09;110.34;68.16;181.25;85.5;90.07;162.67;232.0;119.22;155.94;116.58;99.54;87.73;136.98;126.73;119.92;54.66
1987-05-01;82.79;73.94;201.33;30.53;82.12;306.23;243.75;19.03;21.05;180.85;33.99;238.94;82.52;378.66;177.08;69.51;82.22;19.15;22.06;21.52;57.19;32.75;33.57;32.19
1987-06-01;17.39;23.85;77.03;7.92;30.28;126.7;98.13;5.9;0.31;96.1;16.66;151.66;26.73;148.66;102.25;51.93;45.82;14.48;1.12;1.48;5.17;14.71;9.32;27.56
1987-07-01;12.4;6.39;317.48;1.4;8.57;168.73;62.94;0.64;0.3;18.39;7.3;42.89;15.04;101.61;17.92;35.28;9.25;1.89;0.0;0.43;0.34;8.0;0.85;20.47
1987-08-01;6.24;31.03;150.76;3.23;7.92;120.86;42.45;5.38;2.12;11.93;6.16;23.74;14.39;86.56;16.0;26.23;22.28;9.05;0.26;0.69;10.07;6.24;13.11;4.05
1987-09-01;86.95;77.56;152.38;60.75;112.94;94.95;62.9;54.67;39.72;80.14;71.46;82.83;68.08;70.51;111.93;35.92;77.68;45.05;42.71;30.23;59.46;70.14;58.29;3.21
1987-10-01;112.72;137.78;157.42;144.27;97.81;259.48;178.5;147.66;93.78;94.27;128.43;118.94;163.13;155.64;114.25;114.7;132.38;154.72;146.1;42.18;119.0;106.74;121.78;5.04
1987-11-01;219.47;196.78;143.53;203.9;146.03;79.5;210.18;271.27;238.55;151.27;195.02;178.05;184.0;130.05;105.4;192.63;243.7;213.17;275.62;168.38;301.53;144.0;217.1;23.81
1987-12-01;199.25;252.3;65.41;396.19;276.55;132.87;163.41;370.73;349.6;163.29;288.3;127.28;176.85;143.17;185.21;235.37;292.81;296.67;325.23;282.4;316.88;324.94;284.91;24.85
1988-01-01;203.63;285.0;240.68;194.76;212.32;162.9;141.88;195.53;207.12;243.18;192.84;173.75;215.9;166.49;293.87;205.74;294.03;223.75;183.03;127.01;267.82;162.93;243.84;69.33
1988-02-01;287.72;348.8;61.54;268.6;288.42;114.97;152.96;275.63;255.49;207.62;352.14;155.18;267.26;138.0;344.43;215.59;386.02;275.92;307.55;133.78;404.73;287.22;277.57;35.05
1988-03-01;184.89;332.91;56.66;174.64;155.39;53.5;81.37;220.23;314.94;182.71;130.69;115.13;215.61;70.71;201.76;240.78;319.81;217.24;276.73;198.35;333.26;140.35;302.56;211.58
1988-04-01;146.78;249.07;192.42;106.01;79.95;203.59;171.44;147.5;140.97;136.12;96.69;123.25;152.37;158.73;171.36;143.56;248.5;152.84;156.79;85.4;188.99;68.86;205.29;148.08
1988-05-01;63.62;86.12;68.07;15.67;69.18;195.64;177.57;22.54;5.52;113.29;32.63;210.21;60.96;311.87;157.22;45.14;79.41;27.83;12.26;3.6;28.05;27.37;31.49;23.05
1988-06-01;21.15;42.77;156.0;21.34;29.37;126.78;53.14;25.83;4.89;28.05;17.88;53.05;8.7;123.11;51.62;5.22;32.32;8.1;14.87;2.11;13.82;5.92;23.9;39.53
1988-07-01;1.01;9.64;46.7;0.0;1.18;26.77;4.55;0.0;0.0;2.57;0.03;3.64;0.1;9.73;12.0;9.57;4.54;0.0;0.0;0.68;0.27;0.0;1.92;26.24
1988-08-01;0.0;5.12;30.82;0.01;0.21;12.85;5.14;0.0;0.0;1.15;0.0;1.13;0.0;16.26;3.9;9.12;4.42;0.0;0.0;0.92;0.0;0.03;4.1;6.98
1988-09-01;11.64;38.21;431.33;11.56;36.83;180.2;19.13;4.85;10.88;20.08;30.24;48.51;15.67;74.65;55.16;35.62;49.08;11.16;11.73;5.84;28.81;45.59;28.26;4.42
1988-10-01;176.34;184.76;166.24;159.58;166.42;135.2;174.66;193.81;154.51;180.37;170.63;176.82;130.86;170.66;171.36;99.88;210.29;140.36;160.61;87.87;188.49;138.76;160.05;14.62
1988-11-01;116.27;234.55;162.84;167.72;144.97;94.16;69.03;192.19;175.01;100.57;152.67;67.79;97.89;49.68;123.08;132.5;274.42;128.3;174.13;120.35;254.53;151.1;206.67;41.47
1988-12-01;212.34;298.83;126.79;265.29;205.12;131.81;129.53;233.9;309.27;181.06;216.21;155.56;225.51;167.15;216.65;251.64;371.09;258.91;230.44;246.21;303.54;219.9;284.73;115.34
1989-01-01;271.16;279.03;296.76;177.3;272.67;241.25;353.05;204.0;203.06;307.46;181.36;319.58;359.79;307.95;271.27;239.36;365.18;227.25;219.46;93.96;355.66;171.3;257.72;33.24
1989-02-01;289.81;288.46;62.18;281.0;238.11;146.5;178.6;285.76;193.39;261.0;257.13;180.77;269.97;213.44;303.32;186.51;332.33;246.5;183.92;125.15;295.56;245.63;220.46;25.14
1989-03-01;159.71;329.47;150.68;142.14;189.25;118.8;132.74;162.14;231.21;144.75;129.82;144.35;184.1;133.87;224.0;177.3;355.38;176.55;148.56;140.2;309.91;170.25;291.62;129.97
1989-04-01;56.0;216.86;129.35;43.89;72.96;111.61;109.26;63.94;90.92;53.91;48.36;62.35;79.23;142.46;107.56;145.71;264.37;63.86;68.64;45.45;201.87;20.52;182.63;95.14
1989-05-01;36.25;119.9;33.24;8.75;15.42;123.91;68.01;5.9;29.93;39.97;34.54;55.31;47.52;108.5;57.76;49.68;111.32;18.85;20.23;24.8;59.95;14.0;73.47;79.35
1989-06-01;43.35;59.97;68.01;29.14;40.01;49.24;119.87;20.2;10.09;60.14;18.3;85.36;53.96;77.83;69.02;49.9;66.01;23.96;18.17;35.11;27.78;36.47;29.67;25.59
1989-07-01;51.78;29.53;155.11;30.81;50.97;127.75;99.38;27.41;8.43;118.88;43.45;138.89;43.4;180.57;100.8;36.55;24.38;20.64;22.64;7.77;27.34;35.01;21.54;33.48
1989-08-01;27.89;48.68;183.42;27.21;23.97;136.6;199.03;35.18;9.02;32.01;40.98;81.91;69.62;118.12;39.48;42.55;72.33;36.02;21.36;4.73;48.46;26.52;25.38;10.13
1989-09-01;77.59;70.9;350.76;63.64;97.91;303.36;155.93;65.65;41.22;82.99;64.26;138.64;77.21;266.46;98.99;50.16;69.99;50.56;67.97;43.49;69.97;54.19;55.67;10.43
1989-10-01;70.36;165.68;143.75;102.69;69.13;125.48;123.24;96.95;141.7;65.11;73.79;91.95;86.29;160.45;55.68;120.65;185.13;73.3;138.88;76.86;216.44;104.11;140.06;10.22
1989-11-01;195.7;211.94;121.32;267.45;182.18;105.76;128.88;265.82;319.02;145.55;245.82;129.28;160.27;102.19;132.08;137.3;172.93;207.31;285.64;224.84;200.55;221.8;225.45;47.49
1989-12-01;303.22;458.94;74.34;450.8;289.64;77.06;149.16;452.95;648.16;216.06;338.26;228.47;287.24;86.18;190.7;235.03;411.06;421.8;591.37;507.55;540.73;314.42;491.07;273.59
1990-01-01;248.86;200.6;164.74;126.51;161.25;272.62;261.56;167.57;131.22;292.74;118.05;349.94;250.26;374.54;180.23;249.32;301.07;225.53;192.52;52.99;328.84;149.57;186.97;13.79
1990-02-01;151.08;357.67;143.76;174.33;148.36;178.15;78.37;158.49;271.82;110.93;156.53;81.37;109.68;110.47;164.13;216.44;330.87;155.21;210.41;158.99;471.3;173.51;295.26;68.05
1990-03-01;194.47;234.69;149.8;112.17;177.25;130.78;129.4;143.02;142.56;209.91;154.01;122.3;138.2;143.77;193.34;155.17;236.94;107.93;110.33;54.75;281.5;103.69;182.06;33.32
1990-04-01;87.88;153.09;212.05;36.62;67.27;210.5;177.92;63.53;58.54;78.04;76.93;101.24;104.18;240.04;120.72;103.96;148.75;78.68;77.98;18.28;179.49;52.32;108.36;73.58
1990-05-01;62.71;100.09;206.37;51.62;67.05;228.25;168.43;73.79;79.27;61.42;35.86;87.89;107.62;144.49;74.63;119.24;95.44;48.9;80.42;20.43;98.11;44.74;66.0;15.15
1990-06-01;3.43;15.48;189.34;4.47;1.73;218.94;117.12;0.15;0.13;18.59;0.71;50.22;16.43;220.74;14.21;50.54;18.08;3.06;0.21;1.55;0.17;1.47;4.19;15.43
1990-07-01;26.19;72.14;99.07;34.32;34.52;110.83;116.18;22.85;13.47;81.35;24.01;148.44;29.35;213.4;79.4;31.82;45.85;13.7;21.79;21.31;33.8;29.95;23.39;26.23
1990-08-01;86.59;33.41;24.69;28.75;53.57;93.46;145.23;24.32;20.97;60.56;35.65;110.92;76.44;205.47;63.95;39.8;39.55;43.39;22.68;14.49;40.72;37.02;18.21;4.41
1990-09-01;43.48;114.43;300.08;51.96;69.6;197.89;223.13;57.88;56.75;65.1;52.05;137.27;137.86;200.31;94.55;78.02;123.38;42.57;78.49;22.07;157.67;39.29;76.06;11.43
1990-10-01;118.04;146.11;248.3;116.65;92.62;252.64;146.78;105.05;80.86;106.18;134.02;113.14;108.77;188.77;135.06;145.53;185.04;137.33;105.27;65.09;227.98;57.52;126.1;10.81
1990-11-01;134.77;138.87;197.28;133.24;125.38;211.54;172.01;150.59;146.72;125.44;98.52;140.42;137.03;181.34;113.45;173.99;174.72;144.43;151.29;115.61;202.72;140.2;138.5;28.31
1990-12-01;159.71;253.87;91.15;135.72;163.21;120.08;113.85;147.72;188.43;159.82;129.34;109.26;175.91;133.99;126.78;221.9;269.24;135.96;162.83;120.06;300.14;147.71;216.64;35.16
1991-01-01;390.75;382.97;83.31;354.55;402.74;143.01;174.03;305.62;340.26;249.26;379.77;183.47;283.69;130.31;294.86;267.86;424.59;306.51;315.43;243.63;487.93;511.0;345.64;83.66
1991-02-01;212.62;250.1;44.26;238.26;194.33;48.94;76.9;214.88;212.11;222.22;224.64;174.04;186.23;69.13;205.52;197.17;316.07;207.68;210.09;133.08;360.34;209.4;228.55;79.0
1991-03-01;349.83;383.21;63.67;378.48;323.17;58.09;130.11;325.55;287.1;347.58;373.09;193.13;240.99;128.89;370.05;187.92;390.14;345.75;334.65;190.95;295.83;272.06;323.53;111.24
1991-04-01;149.92;191.67;176.73;96.66;114.73;117.88;98.48;131.09;114.21;142.98;149.44;102.96;73.09;143.72;134.66;98.74;226.67;103.48;119.03;57.29;228.24;77.94;149.97;29.62
1991-05-01;35.64;132.44;23.08;20.08;20.26;51.37;73.12;17.04;24.43;45.29;23.52;41.54;30.16;44.76;40.87;59.32;150.06;15.09;24.33;5.83;88.07;24.69;59.57;24.67
1991-06-01;4.52;20.74;281.49;0.89;6.51;200.56;162.4;0.05;0.0;47.48;1.66;119.61;43.74;242.43;51.51;52.25;17.32;3.42;0.0;0.31;0.9;0.69;6.17;17.3
1991-07-01;15.6;5.23;133.14;0.98;21.18;88.41;21.51;0.11;0.0;28.14;9.53;24.29;12.07;43.6;27.6;15.15;13.34;1.3;0.0;0.39;0.05;3.56;3.75;7.36
1991-08-01;0.43;5.22;89.28;1.07;1.65;104.83;31.27;6.12;0.04;12.48;2.41;29.74;1.86;85.37;24.46;16.82;4.35;2.47;2.69;0.34;0.03;0.68;1.71;13.83
1991-09-01;40.69;79.72;78.92;49.56;58.62;57.85;115.53;50.84;49.34;53.4;40.54;72.72;35.79;50.37;82.8;68.66;102.05;39.4;29.26;25.06;118.71;54.58;53.12;1.19
1991-10-01;106.13;142.03;100.72;97.4;131.96;197.54;112.92;128.35;56.15;140.08;91.66;124.86;123.35;199.89;150.74;90.91;151.96;109.57;76.31;33.6;179.55;114.07;102.11;0.41
1991-11-01;101.97;176.45;45.49;188.46;105.95;113.61;111.57;202.16;226.74;71.39;116.64;94.0;79.72;116.05;91.27;155.05;185.4;140.14;211.4;220.26;189.01;139.28;177.59;48.47
1991-12-01;259.0;237.64;224.24;314.63;231.76;216.5;236.26;286.0;227.26;237.48;231.24;244.06;206.07;245.99;184.94;144.79;283.5;195.99;238.84;195.72;318.57;227.84;212.38;21.1
1992-01-01;314.42;328.65;101.44;441.94;430.45;143.48;62.75;351.41;444.56;127.02;391.71;67.61;199.42;106.1;281.18;232.61;308.29;297.43;425.41;412.42;383.81;469.95;328.55;190.74
1992-02-01;207.42;300.31;202.45;333.08;166.74;162.76;171.18;266.37;339.48;163.67;341.05;157.22;176.31;200.41;112.37;263.18;364.72;240.9;367.55;240.91;418.03;299.17;280.42;127.56
1992-03-01;203.93;317.66;166.26;144.57;145.73;154.81;203.75;160.51;132.18;206.36;161.66;287.21;243.57;199.67;179.93;186.45;292.62;195.02;173.97;43.11;288.13;109.32;214.79;49.42
1992-04-01;105.78;194.08;117.63;120.17;89.03;71.32;229.63;156.39;106.29;104.88;141.6;145.75;134.49;104.77;85.33;134.68;191.14;157.26;156.71;47.79;197.72;108.05;130.4;70.65
1992-05-01;72.25;38.77;308.35;19.53;75.3;348.67;363.74;34.71;13.28;108.64;62.26;231.04;118.83;508.11;95.91;69.41;58.86;37.59;11.94;9.73;18.09;47.71;26.44;2.74
1992-06-01;0.72;22.79;220.55;0.46;0.68;137.59;76.82;0.01;1.95;2.95;0.08;28.29;14.27;161.95;6.98;47.94;12.76;0.9;0.42;3.42;1.02;0.87;6.59;8.74
1992-07-01;22.7;10.1;186.47;0.2;31.64;186.39;87.35;0.57;0.0;30.64;5.41;47.47;11.43;145.72;75.96;23.38;10.83;0.62;0.0;1.9;0.07;4.51;2.19;13.93
1992-08-01;14.72;21.52;145.46;8.63;16.05;168.43;97.09;12.33;3.36;26.37;16.16;49.59;22.1;169.25;35.42;68.65;57.67;7.02;18.97;5.18;31.78;10.07;10.11;3.23
1992-09-01;136.81;110.91;176.22;101.79;157.64;160.34;163.04;107.32;51.28;132.57;136.09;168.1;178.77;123.77;148.75;122.79;132.53;97.35;106.35;30.48;174.91;122.02;84.03;8.67
1992-10-01;250.47;138.85;181.6;185.78;171.06;80.61;200.84;188.43;149.19;177.71;206.9;142.65;171.55;152.61;156.94;122.91;140.22;180.17;221.84;103.49;203.91;169.5;136.08;5.93
1992-11-01;165.6;183.43;141.67;300.67;190.72;163.65;146.57;300.41;259.59;165.48;166.33;136.05;167.83;157.79;242.73;170.24;221.16;222.14;300.2;234.25;213.67;215.74;207.29;28.71
1992-12-01;165.87;322.16;89.46;264.06;170.19;90.2;97.47;284.71;434.52;149.3;234.61;89.95;110.3;90.98;173.86;246.68;341.02;193.45;403.16;285.72;288.82;297.19;288.43;55.23
1993-01-01;183.91;256.07;244.4;120.01;214.79;218.05;197.28;142.38;105.03;206.05;146.44;226.7;177.97;225.48;208.21;247.49;289.43;115.66;137.69;88.04;185.96;171.52;167.99;35.57
1993-02-01;319.76;467.97;62.42;299.28;264.65;133.62;125.67;330.8;263.12;294.39;313.85;273.1;246.45;171.97;262.17;176.93;384.65;261.32;271.5;134.51;348.01;269.6;312.32;19.25
1993-03-01;152.16;227.47;158.2;74.99;164.0;130.73;134.91;116.11;92.61;119.13;153.4;121.9;164.44;143.31;235.58;207.93;277.11;156.33;79.58;17.57;197.66;91.32;154.54;13.24
1993-04-01;109.21;164.39;73.64;88.81;63.02;111.28;75.83;87.72;89.03;97.69;101.72;85.27;100.23;83.13;88.09;100.84;206.54;80.73;72.96;52.34;166.14;105.68;110.29;15.81
1993-05-01;48.23;70.01;192.87;19.83;40.76;155.65;162.43;24.0;55.84;82.79;20.79;116.46;43.4;244.16;58.4;49.8;88.37;24.19;42.04;13.02;35.73;14.35;51.03;14.23
1993-06-01;49.93;13.63;152.62;31.18;53.03;91.98;115.71;30.68;0.5;69.27;41.46;94.95;53.03;104.05;61.73;19.06;22.55;26.21;9.55;3.55;14.64;35.96;12.17;13.31
1993-07-01;2.38;10.99;187.85;0.02;2.71;269.1;109.61;0.2;0.17;12.86;0.03;48.61;6.76;157.92;21.63;22.98;13.57;0.21;0.0;0.59;5.47;0.64;2.39;12.87
1993-08-01;31.92;75.23;16.18;29.85;14.61;32.9;13.3;43.36;5.96;51.77;28.9;33.32;30.44;17.35;18.25;34.93;54.92;58.98;24.36;3.63;46.88;12.1;31.35;5.34
1993-09-01;120.72;77.63;88.23;37.62;89.95;193.57;162.66;75.34;53.94;163.35;78.41;181.88;94.94;293.01;160.27;56.7;88.0;125.09;71.3;27.96;105.68;59.52;79.56;1.69
1993-10-01;97.6;179.4;130.29;83.84;114.95;168.53;184.66;95.8;94.56;78.04;98.46;117.43;86.69;195.84;131.32;100.59;165.41;86.12;99.67;45.81;186.63;90.53;124.58;19.69
1993-11-01;116.2;219.59;220.95;124.98;108.69;116.48;153.4;152.28;146.39;84.56;99.26;84.2;110.75;116.74;90.14;152.92;217.9;151.4;127.97;75.38;211.08;120.56;151.97;19.51
1993-12-01;275.58;340.59;279.98;375.79;219.75;206.71;214.81;362.34;259.3;171.75;244.85;181.68;255.4;178.25;174.58;212.7;373.51;363.66;372.92;195.61;402.61;254.46;283.9;13.23
1994-01-01;299.14;408.5;71.78;310.36;305.76;83.18;174.24;329.79;313.85;247.2;397.93;227.6;258.82;120.4;201.17;210.54;381.94;341.78;272.72;198.96;377.37;393.57;294.1;97.61
1994-02-01;139.57;331.22;272.5;95.47;105.4;308.44;193.04;164.13;204.16;168.25;94.24;158.21;205.52;259.07;174.78;202.11;305.08;165.62;174.0;102.59;305.64;48.75;226.67;68.25
1994-03-01;191.92;368.44;60.4;304.62;221.14;86.59;99.56;375.03;322.55;149.67;206.6;103.97;180.12;91.37;242.0;150.86;326.71;262.87;336.16;243.95;299.27;283.11;301.19;157.75
1994-04-01;65.54;227.75;229.12;55.53;57.2;166.34;104.26;74.21;125.73;82.45;51.41;97.29;73.7;115.06;110.74;125.3;239.0;68.02;107.13;61.15;194.36;39.63;152.11;49.27
1994-05-01;52.45;108.18;192.72;39.42;119.18;170.4;182.03;33.76;14.81;48.5;76.37;86.43;60.99;187.9;91.23;55.79;88.58;17.34;13.93;8.15;52.81;89.95;53.34;37.53
1994-06-01;18.72;79.68;186.29;8.49;19.34;154.68;154.4;12.41;24.57;32.93;6.81;100.81;37.29;185.98;55.65;49.84;67.78;19.71;21.25;9.8;44.85;10.91;43.83;42.65
1994-07-01;16.02;13.83;206.47;1.54;10.59;218.04;96.66;6.38;0.34;25.71;3.85;59.86;25.45;184.97;33.19;20.65;23.39;10.29;3.34;1.33;11.09;2.09;6.07;24.78
1994-08-01;0.03;22.01;95.64;1.11;0.41;33.86;11.53;0.27;0.03;1.66;0.0;1.78;2.5;13.17;9.92;17.14;19.8;0.17;0.0;0.43;5.74;0.11;4.98;4.98
1994-09-01;1.7;67.27;141.48;1.8;2.86;103.87;67.83;0.92;6.66;4.75;5.47;20.76;22.61;83.18;31.6;82.02;103.92;7.25;2.91;0.87;68.05;2.64;27.82;7.57
1994-10-01;115.58;145.24;278.48;97.42;105.83;224.25;181.52;90.74;57.1;111.93;93.01;116.58;118.48;195.48;118.85;130.39;203.44;108.91;118.89;26.8;190.01;73.11;109.45;3.56
1994-11-01;161.86;205.49;137.35;220.3;130.92;184.48;175.86;228.07;222.86;137.84;164.81;136.7;150.86;209.1;134.19;115.35;179.89;199.77;245.04;160.32;215.13;160.08;210.17;6.28
1994-12-01;244.02;283.13;166.43;234.19;269.25;148.61;161.92;260.21;265.34;227.46;242.38;182.52;207.2;192.51;251.46;222.83;349.11;218.93;255.64;134.47;339.95;258.2;264.21;34.88
1995-01-01;218.09;310.92;199.34;151.13;201.97;217.85;291.95;215.25;222.66;248.0;174.85;319.39;230.77;346.58;266.62;238.45;373.23;228.12;220.73;107.51;352.68;139.59;246.22;62.84
1995-02-01;463.27;345.56;165.54;287.13;349.57;144.7;153.62;270.82;278.34;430.43;317.03;202.79;311.1;195.63;379.19;221.82;380.13;284.11;275.89;166.93;344.34;262.4;313.56;107.06
1995-03-01;125.64;284.17;115.7;177.44;152.84;77.87;150.78;172.6;228.78;168.18;140.02;123.14;143.21;133.48;198.6;175.73;283.79;199.43;197.94;146.08;226.63;178.41;246.83;117.68
1995-04-01;99.52;305.62;64.42;55.4;57.77;66.88;123.45;89.87;208.44;107.82;52.92;111.92;89.6;101.53;50.11;81.61;304.03;102.56;173.11;76.11;238.1;58.2;225.58;81.84
1995-05-01;69.27;180.88;59.8;81.97;60.71;19.56;30.25;76.46;81.77;56.76;100.91;46.47;26.77;22.88;81.52;65.86;187.82;63.57;44.7;40.82;113.52;51.28;128.9;72.97
1995-06-01;14.64;11.55;151.56;1.38;8.14;170.08;70.02;3.42;0.14;30.25;8.17;72.31;27.32;150.12;32.32;14.3;17.69;12.91;0.03;1.26;8.09;4.16;3.56;25.74
1995-07-01;15.89;9.73;186.62;0.09;14.59;99.32;68.79;0.52;0.22;50.08;2.53;76.52;15.35;127.57;58.48;18.54;5.86;0.17;0.11;0.91;0.15;0.47;1.55;25.44
1995-08-01;0.62;6.75;84.99;0.0;1.67;92.32;16.09;0.27;0.01;6.84;0.06;21.23;0.57;37.8;29.91;12.56;7.1;0.05;1.08;0.35;0.76;0.27;0.36;6.74
1995-09-01;43.17;51.6;155.5;31.05;47.32;168.98;112.97;20.53;4.41;59.32;61.09;135.39;99.79;216.49;84.15;43.11;51.36;135.21;18.81;2.55;61.66;49.87;26.6;1.66
1995-10-01;141.06;100.43;145.5;119.77;170.71;195.91;242.73;123.77;117.44;156.61;113.43;191.35;188.26;173.19;246.88;80.68;149.62;218.21;105.14;69.38;142.38;126.89;113.48;2.4
1995-11-01;110.69;244.65;23.5;167.88;149.25;74.84;101.43;202.73;225.07;90.92;148.28;69.58;158.26;88.19;166.29;174.86;269.86;292.01;245.82;200.44;265.38;193.99;236.32;56.31
1995-12-01;269.37;279.71;78.13;247.47;253.8;122.46;139.77;221.17;296.44;211.99;293.16;146.46;186.41;157.6;216.05;198.63;295.04;202.44;374.14;244.19;279.62;370.28;245.0;57.37
1996-01-01;252.49;283.95;356.23;179.65;267.19;289.78;250.47;178.69;150.58;221.11;197.87;205.76;259.45;285.22;277.19;252.87;328.73;230.57;135.12;61.78;324.52;169.71;223.09;37.16
1996-02-01;183.87;220.29;203.23;136.95;199.67;198.9;183.5;127.89;114.7;181.22;167.14;188.8;208.32;223.5;371.11;153.18;252.08;195.14;159.2;69.15;264.08;121.46;189.42;56.87
1996-03-01;218.51;321.94;117.07;167.37;203.87;174.79;217.69;234.7;230.37;223.39;181.99;229.46;223.68;276.9;323.33;185.23;329.28;182.59;229.51;114.46;283.98;132.65;250.0;97.54
1996-04-01;82.93;244.19;135.41;83.2;63.05;62.77;99.47;76.95;105.59;61.08;79.43;78.5;82.07;49.87;87.14;122.82;275.18;99.06;100.92;65.06;259.86;63.05;189.07;141.84
1996-05-01;65.45;97.12;46.63;31.52;49.62;34.95;94.47;37.8;33.36;44.57;34.38;32.89;100.04;23.84;49.36;54.3;93.04;29.48;40.88;22.04;64.34;33.69;71.84;40.08
1996-06-01;24.77;16.85;139.88;0.75;21.43;164.56;43.14;2.09;0.49;28.64;6.66;39.76;12.05;183.14;32.03;18.9;11.83;9.08;0.0;4.76;1.02;6.15;1.71;33.13
1996-07-01;1.71;13.91;114.87;5.56;1.7;126.87;18.79;1.09;0.03;6.19;6.93;26.15;4.91;129.74;14.63;9.33;5.09;3.22;0.4;1.65;0.0;2.63;1.86;11.75
1996-08-01;21.82;41.62;180.28;14.81;27.74;168.35;30.25;19.95;4.35;26.08;25.62;42.6;15.49;80.83;33.73;31.97;57.25;21.3;23.21;4.55;38.62;20.11;12.83;12.82
1996-09-01;123.81;56.33;86.95;52.58;143.13;194.26;115.46;55.88;7.71;142.49;92.29;154.61;115.01;188.54;174.83;90.08;89.8;74.36;19.13;8.14;78.34;74.1;34.36;3.77
1996-10-01;123.81;154.95;188.34;80.81;119.12;139.81;274.67;113.9;154.21;141.48;87.88;165.29;134.3;283.98;138.66;109.09;183.82;100.8;180.67;78.2;154.2;79.56;142.67;7.51
1996-11-01;246.33;218.8;103.63;290.66;305.91;108.78;148.65;264.1;282.74;134.11;242.72;123.12;211.69;116.08;204.59;178.86;308.28;282.81;267.75;217.07;270.66;334.26;239.86;112.88
1996-12-01;268.72;215.87;125.69;266.32;330.1;179.13;249.06;227.33;181.45;208.35;325.91;244.52;249.76;261.89;215.14;184.18;215.55;236.34;197.77;152.39;243.58;328.0;194.67;34.2
1997-01-01;384.22;363.52;130.57;340.97;413.24;206.88;263.18;384.05;343.13;355.6;473.3;388.7;321.85;221.75;310.51;226.85;334.48;342.59;383.34;209.76;355.91;448.08;381.68;121.17
1997-02-01;128.7;219.28;115.03;91.32;120.56;272.37;209.42;116.59;165.54;140.08;87.36;196.2;152.25;235.72;117.61;232.46;241.72;131.63;164.81;83.54;201.17;114.6;175.99;69.76
1997-03-01;113.0;390.9;24.81;237.53;116.96;63.39;71.09;278.49;452.41;65.79;202.15;47.06;98.92;87.55;107.06;254.79;399.66;200.77;441.66;303.32;362.89;177.56;373.47;213.78
1997-04-01;57.93;203.24;62.9;93.41;84.51;46.04;62.52;86.44;186.56;62.04;78.36;56.82;85.09;55.67;73.13;116.95;212.35;72.8;185.93;102.41;170.37;110.14;174.53;79.69
1997-05-01;70.94;55.63;87.03;35.36;44.35;86.79;113.75;52.47;24.39;81.26;34.41;76.42;87.46;136.9;70.17;53.76;65.51;71.1;55.45;20.1;47.27;44.85;49.26;44.14
1997-06-01;129.12;16.6;153.86;46.7;71.45;149.52;259.75;61.15;7.43;153.52;73.21;221.82;174.21;212.52;74.86;53.0;29.87;106.86;40.88;16.63;28.85;52.32;35.8;18.84
1997-07-01;7.63;1.57;103.99;0.56;9.53;156.22;46.44;0.02;0.0;21.86;1.65;32.06;6.19;83.75;16.16;9.88;1.94;0.57;0.0;0.85;1.95;1.84;3.88;25.19
1997-08-01;0.27;20.84;205.06;0.0;3.67;203.41;72.55;0.0;0.03;15.62;0.22;51.02;8.08;185.03;32.9;32.78;22.26;0.0;0.0;0.26;4.1;0.87;3.79;11.65
1997-09-01;53.77;88.85;110.97;43.45;67.94;150.6;170.86;45.63;45.55;80.86;64.82;117.82;56.49;194.36;104.44;71.45;75.47;55.31;68.34;20.73;93.3;71.87;68.51;0.02
1997-10-01;104.37;109.83;569.62;105.54;104.74;413.16;220.88;118.13;112.59;102.17;132.23;160.64;134.56;352.77;119.79;93.14;112.35;113.67;143.43;73.7;133.82;109.14;120.84;20.24
1997-11-01;250.73;164.31;349.04;184.37;228.63;296.76;261.68;197.03;140.37;241.48;238.13;224.94;248.47;272.29;262.23;125.66;178.36;220.37;158.03;93.47;184.8;212.75;147.95;43.29
1997-12-01;213.3;210.79;250.23;261.32;212.65;178.56;180.47;230.84;212.2;146.48;332.09;146.68;205.48;167.51;182.52;142.15;200.72;220.04;260.98;154.63;229.54;309.89;247.51;35.69
1998-01-01;184.93;272.4;182.27;236.8;215.16;229.51;137.79;249.46;254.83;129.79;246.76;147.79;165.17;237.18;222.42;152.35;266.68;203.13;259.96;171.49;270.7;224.75;262.94;74.9
1998-02-01;265.75;221.2;363.25;215.17;233.34;339.41;206.17;212.04;232.3;253.37;300.04;258.85;222.59;212.81;286.06;190.7;299.28;238.74;254.89;147.57;313.21;221.04;227.76;43.9
1998-03-01;151.28;258.98;128.56;119.07;113.07;224.45;218.03;141.29;143.12;200.19;116.55;234.01;228.75;285.26;181.52;155.45;303.99;163.96;157.01;60.16;233.87;65.77;191.03;32.48
1998-04-01;93.08;132.56;255.82;60.4;54.38;280.04;303.04;63.24;43.63;87.96;92.55;179.86;148.25;390.1;77.31;80.93;135.78;101.39;50.47;16.28;103.81;53.82;71.97;8.75
1998-05-01;74.09;90.1;124.05;61.76;88.01;128.61;102.57;42.38;28.96;94.11;87.2;82.48;73.5;91.03;106.79;47.34;66.76;46.17;25.79;17.94;29.23;85.81;50.69;2.36
1998-06-01;3.96;14.37;87.8;3.88;2.27;94.37;75.63;4.33;2.67;15.45;5.51;47.73;7.45;75.6;17.72;19.52;10.41;0.84;3.63;0.94;0.62;4.41;6.48;13.6
1998-07-01;0.62;17.82;155.98;0.7;1.75;150.06;36.25;0.65;0.13;10.67;0.37;47.74;7.08;134.72;21.19;4.6;10.62;0.81;2.63;3.15;0.01;0.5;8.73;15.06
1998-08-01;53.39;25.44;239.45;30.85;41.82;227.06;185.97;17.32;0.3;46.38;57.35;113.11;89.85;255.16;26.37;35.99;26.46;22.66;1.57;4.23;12.6;40.55;6.3;7.61
1998-09-01;47.4;58.84;189.57;3.64;42.84;257.36;281.17;21.29;7.14;77.96;13.35;236.31;109.59;327.99;145.44;106.66;60.15;41.94;8.61;1.06;55.47;11.21;33.44;1.93
1998-10-01;170.22;143.87;162.06;98.27;177.05;139.61;170.69;122.09;86.87;155.55;153.21;187.85;159.28;277.23;207.63;136.0;192.35;143.42;125.66;62.51;183.8;131.89;117.01;0.71
1998-11-01;119.27;264.88;43.8;210.74;136.6;51.48;66.05;229.18;264.73;52.63;189.28;26.23;91.56;50.09;107.97;194.79;225.76;180.65;329.83;250.89;280.47;232.56;229.62;43.72
1998-12-01;286.79;258.14;138.67;227.29;256.92;128.25;166.34;213.55;242.12;279.65;237.54;213.39;272.48;172.67;180.09;182.1;259.76;241.67;255.39;186.98;288.36;207.36;232.3;42.17
1999-01-01;346.28;258.23;129.99;186.02;325.84;165.45;163.64;210.39;212.34;350.86;241.32;251.17;269.63;199.61;310.49;208.68;295.23;220.86;170.62;114.48;276.6;228.37;252.04;65.58
1999-02-01;193.68;233.07;103.97;189.93;223.19;157.59;183.62;158.81;170.81;233.6;206.04;213.51;185.67;212.06;275.27;158.73;228.73;166.73;158.26;128.59;260.2;166.3;193.93;42.55
1999-03-01;159.35;314.99;77.13;224.41;174.68;71.49;129.02;250.48;195.3;112.18;252.28;117.63;188.21;96.46;162.15;212.76;297.51;211.79;184.53;168.47;240.86;265.11;274.15;125.65
1999-04-01;50.6;166.35;205.26;31.13;37.73;175.59;99.22;34.95;51.32;70.95;31.61;98.48;53.18;133.26;75.74;85.93;155.65;43.62;38.55;16.01;115.56;22.61;110.6;21.32
1999-05-01;19.87;144.59;148.51;6.04;14.88;95.46;120.59;13.09;26.99;44.31;5.98;68.93;37.47;95.53;32.74;56.98;129.28;17.69;12.95;13.84;43.12;5.27;86.48;30.22
1999-06-01;30.92;15.15;101.68;4.27;33.76;80.47;151.52;3.99;0.18;60.64;18.44;94.78;33.21;172.76;76.48;39.0;23.8;7.03;0.48;3.9;2.97;12.7;6.2;12.25
1999-07-01;3.37;2.74;192.25;2.32;13.7;215.11;67.07;0.84;0.0;18.06;3.51;77.54;3.3;155.69;33.05;16.48;4.47;1.04;0.09;7.29;0.67;3.43;0.51;17.03
1999-08-01;0.0;6.65;39.48;0.0;0.26;30.86;1.35;0.0;0.01;3.26;0.02;1.26;0.03;9.79;11.24;4.2;7.2;0.0;0.0;2.06;0.02;0.03;1.27;17.11
1999-09-01;162.73;89.47;169.28;50.9;62.15;105.29;79.81;60.59;43.38;856.22;80.11;86.5;62.31;126.53;360.39;79.64;101.87;65.34;50.08;23.33;105.13;39.71;69.59;13.64
1999-10-01;42.04;116.41;201.67;76.86;51.86;177.58;47.88;96.45;151.15;47.63;80.24;68.18;53.25;183.84;73.07;75.4;108.14;76.12;180.47;92.63;130.73;80.83;132.52;33.42
1999-11-01;89.79;220.2;79.11;210.35;115.35;90.86;57.01;185.05;288.36;62.46;219.96;50.35;120.93;68.77;107.2;140.12;195.01;164.26;271.51;226.22;243.07;264.66;234.65;76.83
1999-12-01;223.83;273.84;109.7;261.69;266.33;116.23;149.24;266.95;376.91;165.83;245.52;114.85;215.18;154.54;172.81;181.06;350.18;225.07;382.72;242.62;335.65;247.5;303.06;126.17
2000-01-01;378.4;314.46;119.07;273.09;421.86;155.59;129.03;286.25;221.15;247.02;416.04;158.79;194.53;175.49;326.06;172.95;289.45;266.6;294.7;181.9;396.38;334.91;277.89;68.39
2000-02-01;299.25;316.53;68.76;262.32;218.32;149.86;213.64;243.01;264.35;253.54;305.54;271.05;255.41;194.82;227.1;154.58;322.61;301.07;255.88;143.58;315.2;200.5;310.56;106.8
2000-03-01;200.21;291.32;187.14;243.16;196.08;139.72;117.27;291.15;225.57;154.84;251.75;131.22;246.99;117.63;162.8;203.11;341.94;263.81;244.12;155.51;291.98;236.15;273.84;72.87
2000-04-01;20.16;172.03;105.25;42.78;28.36;114.47;66.86;51.0;120.07;8.16;58.59;14.79;45.67;73.26;34.46;80.05;188.41;52.29;57.39;36.57;140.26;38.76;173.61;88.25
2000-05-01;10.85;56.66;86.09;1.24;9.86;91.39;76.34;1.37;3.71;11.13;4.46;28.14;22.97;84.49;15.97;29.83;48.85;2.13;2.49;3.36;2.56;4.65;27.72;15.74
2000-06-01;2.19;26.78;203.86;0.55;1.78;133.59;118.95;0.12;0.1;6.94;1.84;70.11;10.78;124.27;4.99;32.3;20.04;0.06;0.0;1.35;0.68;0.97;6.25;26.34
2000-07-01;31.12;33.62;108.17;6.53;26.97;133.96;78.02;9.36;1.4;53.72;8.49;56.44;29.32;108.43;66.26;46.98;23.16;9.44;7.61;2.95;3.46;8.85;14.34;15.5
2000-08-01;42.79;42.0;98.47;22.72;30.82;92.25;151.48;26.94;7.54;58.2;10.78;107.09;75.72;90.53;69.15;32.54;32.46;24.23;18.69;8.06;18.1;20.4;14.88;15.41
2000-09-01;125.75;135.46;166.19;94.88;115.78;283.77;217.46;123.28;66.34;120.6;123.78;173.71;132.97;280.81;108.31;35.91;122.55;92.68;69.25;32.8;90.22;75.02;93.66;15.37
2000-10-01;43.59;141.81;267.2;60.14;61.13;280.77;157.44;76.62;78.07;67.97;61.26;101.74;63.19;224.01;72.63;105.72;129.81;53.3;88.16;35.34;127.88;43.75;92.54;4.23
2000-11-01;211.71;234.5;155.03;264.48;228.43;100.79;169.73;260.68;267.81;200.81;243.31;162.33;168.45;92.36;197.97;149.67;246.68;252.04;296.62;233.93;222.88;271.9;232.5;81.49
2000-12-01;235.96;282.17;160.34;247.85;241.42;194.22;192.77;265.55;362.92;231.58;233.65;181.4;213.51;167.56;259.3;170.83;257.47;266.46;329.32;272.59;303.22;249.84;310.17;102.35
2001-01-01;170.67;299.53;336.0;130.6;158.19;222.19;167.01;160.91;125.82;201.59;209.81;149.42;187.26;210.74;147.68;229.3;351.09;173.65;147.02;67.9;304.87;155.99;190.96;16.09
2001-02-01;112.09;202.92;173.15;74.33;113.65;199.71;271.93;106.96;158.55;166.89;118.3;246.63;209.89;322.59;177.42;167.35;290.17;128.91;133.18;70.82;190.87;64.51;186.43;45.06
2001-03-01;153.74;293.68;130.26;224.58;174.16;133.87;138.21;235.75;257.15;117.27;205.28;124.09;160.06;139.57;166.11;164.25;319.57;196.14;232.63;124.5;279.79;149.64;277.33;100.0
2001-04-01;45.57;166.87;189.66;34.0;18.26;173.44;107.04;57.08;62.99;36.51;42.65;63.74;77.75;126.29;63.8;85.45;171.08;54.06;43.6;27.53;121.96;16.61;125.35;23.03
2001-05-01;73.5;103.41;115.28;42.07;55.08;175.81;102.84;59.14;19.04;88.01;51.32;146.23;109.1;141.69;94.3;62.29;120.27;84.37;36.43;26.06;63.06;46.01;72.48;15.5
2001-06-01;3.25;40.04;116.34;0.93;1.99;134.1;95.5;2.26;1.07;24.25;1.24;91.65;22.79;135.76;24.63;28.41;40.53;7.57;1.65;3.29;6.14;0.11;14.16;38.04
2001-07-01;9.03;16.1;164.35;1.38;8.86;159.57;55.46;3.07;0.18;27.42;14.93;67.07;24.78;149.51;63.77;36.89;28.63;0.9;0.64;1.59;4.01;8.18;5.05;20.99
2001-08-01;33.79;15.75;68.72;37.81;36.1;55.71;70.18;24.46;1.83;40.71;36.85;61.29;30.57;80.82;62.52;28.71;16.81;19.73;18.63;8.96;19.28;39.36;6.39;14.32
2001-09-01;62.31;85.98;194.12;43.65;57.87;174.72;129.89;63.97;29.48;58.34;55.16;84.92;83.5;127.85;65.41;62.34;85.19;43.34;51.7;14.44;97.44;45.7;57.03;9.52
2001-10-01;135.56;142.9;210.15;96.66;126.91;244.24;98.68;136.72;168.81;162.42;100.61;127.82;100.86;212.12;128.83;106.77;160.51;131.4;184.4;87.72;172.74;123.21;168.98;24.45
2001-11-01;201.2;201.39;139.75;285.73;219.44;166.44;207.51;250.99;229.14;154.39;232.83;121.2;250.92;180.23;155.92;167.81;228.67;250.23;285.93;173.36;276.84;203.62;240.79;4.35
2001-12-01;270.76;279.85;64.37;308.2;301.79;122.64;164.23;270.72;242.95;229.9;385.48;224.22;224.51;135.59;254.19;186.62;330.31;271.23;290.79;181.2;387.35;347.48;294.86;88.54
2002-01-01;268.79;286.59;133.07;199.73;197.53;135.13;199.49;223.36;356.33;272.43;224.19;238.26;235.57;222.75;260.59;165.98;296.95;245.64;312.92;232.86;304.09;218.46;344.57;240.52
2002-02-01;311.18;241.18;92.57;332.82;276.85;81.56;137.81;310.74;173.53;209.35;316.18;127.27;259.76;97.88;225.79;237.19;310.95;286.9;212.82;138.73;345.1;281.67;237.2;53.98
2002-03-01;117.98;232.01;204.94;150.05;116.0;123.08;73.13;172.28;152.12;116.85;117.79;98.46;124.31;109.79;132.87;140.52;229.08;135.12;152.91;69.29;233.83;95.29;201.72;52.01
2002-04-01;8.85;184.16;163.52;23.36;19.29;125.0;31.86;33.1;64.01;18.47;18.12;25.85;14.44;78.75;57.85;102.12;139.53;12.54;47.56;28.05;75.29;16.94;114.35;33.02
2002-05-01;44.38;120.14;166.96;28.77;42.55;132.06;299.41;22.07;28.0;82.55;46.2;204.25;93.13;220.04;82.89;74.84;86.4;29.32;14.2;17.12;36.31;28.46;52.99;28.62
2002-06-01;0.09;27.78;212.09;0.18;0.49;158.47;9.36;0.04;0.99;2.54;0.0;6.98;0.29;48.22;20.58;22.82;16.64;0.06;0.01;8.17;0.04;0.01;6.84;24.35
2002-07-01;10.19;24.1;230.95;4.18;13.45;137.12;58.66;3.46;1.96;17.37;9.26;57.36;67.57;70.51;39.45;20.76;38.55;11.13;1.22;3.55;19.07;13.93;9.38;21.91
2002-08-01;25.19;10.9;216.23;1.82;24.26;162.7;61.04;2.74;1.49;66.25;3.71;84.43;37.13;119.67;46.52;43.89;26.76;6.68;1.53;1.93;5.22;6.5;2.85;9.74
2002-09-01;70.84;81.14;234.7;46.53;64.35;171.09;81.88;71.58;53.43;59.17;53.19;105.19;62.42;185.25;84.32;38.15;94.18;49.21;70.28;43.38;109.43;68.52;50.35;13.06
2002-10-01;56.95;149.08;419.17;43.51;71.82;289.35;139.57;54.93;60.19;52.27;59.69;91.25;75.57;251.7;89.01;90.8;162.64;48.79;76.01;20.46;161.13;57.36;99.06;3.84
2002-11-01;194.1;165.83;191.52;91.13;183.45;216.91;217.33;134.81;129.3;151.91;133.05;194.68;156.09;244.8;183.02;98.25;173.49;152.41;193.85;121.73;203.9;187.64;134.28;9.23
2002-12-01;248.68;220.15;268.7;271.39;260.07;176.2;154.54;253.25;310.65;167.93;280.54;148.85;151.25;160.23;245.64;210.64;298.24;219.72;275.16;247.8;321.8;299.81;264.88;68.34
2003-01-01;460.85;263.5;147.27;425.97;414.88;133.46;239.0;350.54;273.29;352.21;428.03;275.5;363.44;185.7;317.55;185.69;340.51;352.25;355.16;210.47;438.19;384.01;302.46;97.27
2003-02-01;159.11;302.92;163.67;121.12;72.76;173.02;197.82;172.97;189.02;136.38;144.55;167.6;193.28;196.11;77.47;188.27;297.42;166.29;175.12;62.67;266.27;78.37;235.57;49.12
2003-03-01;186.64;285.39;179.24;213.65;170.16;130.24;99.16;232.12;247.85;138.02;184.4;119.02;194.17;140.65;173.32;229.26;380.36;246.86;250.72;153.45;364.21;177.88;283.48;101.94
2003-04-01;112.85;184.59;142.22;62.26;54.24;103.38;151.28;92.19;134.48;70.62;70.68;114.76;120.16;100.84;46.84;124.25;216.6;112.91;99.77;38.94;156.02;33.5;137.85;39.38
2003-05-01;61.22;83.83;66.08;32.5;47.46;76.59;58.4;20.42;45.95;42.62;44.02;50.0;44.52;47.07;35.6;49.06;87.06;22.1;13.68;30.69;86.2;32.99;60.19;47.93
2003-06-01;6.91;36.28;139.83;0.08;3.3;107.69;76.22;0.27;1.0;17.0;0.91;45.57;27.69;130.73;10.06;40.67;24.04;2.6;0.43;1.64;5.42;0.79;7.56;10.86
2003-07-01;5.93;9.45;140.96;0.86;15.42;76.2;62.34;0.4;0.01;17.64;8.51;76.44;10.62;98.42;23.25;5.98;2.71;0.51;0.0;1.61;0.0;6.99;0.61;19.87
2003-08-01;14.48;52.7;44.67;11.31;20.15;40.45;54.24;10.57;11.95;21.24;10.42;40.91;33.15;33.59;38.8;40.05;34.25;11.54;14.16;14.3;11.97;22.83;31.87;5.93
2003-09-01;20.81;68.61;61.86;38.59;27.55;62.01;116.49;40.28;23.74;21.8;63.7;75.76;48.23;101.34;37.3;77.82;102.56;32.76;16.16;9.08;79.62;28.73;35.94;7.17
2003-10-01;75.56;168.11;214.32;65.53;101.83;159.24;141.43;84.03;78.22;100.43;62.15;100.89;123.98;146.04;182.3;105.39;214.6;83.32;96.88;28.83;269.0;40.06;120.74;6.66
2003-11-01;153.5;178.91;154.38;182.07;165.07;142.02;174.01;217.61;174.81;151.47;232.54;140.25;133.69;187.51;163.83;99.73;205.65;186.84;179.32;112.95;190.83;147.63;196.29;29.1
2003-12-01;217.2;209.11;323.62;219.13;225.44;303.48;224.34;213.78;175.5;192.64;226.66;165.17;184.76;289.07;163.17;202.86;264.13;221.86;163.54;120.2;266.02;231.46;209.43;11.5
2004-01-01;288.69;377.9;60.79;370.47;229.77;115.72;91.35;359.21;423.11;269.17;401.24;193.2;204.54;112.99;207.18;244.89;344.56;308.94;485.0;337.47;377.37;289.93;419.74;378.17
2004-02-01;307.76;385.32;72.72;368.21;319.49;90.56;81.94;342.67;331.27;215.13;333.33;116.13;158.0;76.75;275.76;183.35;489.8;314.55;427.76;229.88;406.23;332.29;387.24;133.84
2004-03-01;104.78;331.52;38.49;179.99;121.34;83.87;91.52;176.96;236.24;85.75;214.84;103.84;91.35;104.15;127.67;132.7;305.16;149.44;221.49;198.9;251.43;164.68;250.17;61.72
2004-04-01;133.19;166.51;120.77;132.5;123.58;129.88;123.48;133.17;135.32;107.36;112.45;96.12;119.41;114.77;139.13;108.47;182.0;122.6;141.46;69.67;179.91;96.25;143.25;17.26
2004-05-01;89.16;59.36;132.98;22.19;72.44;127.54;297.1;18.48;9.58;104.81;32.7;186.89;143.83;218.05;97.52;55.99;63.93;23.58;15.36;4.11;34.86;22.57;29.46;47.38
2004-06-01;35.33;27.46;100.54;1.07;43.01;50.26;125.17;2.36;1.54;57.65;9.93;73.03;46.49;91.5;67.34;29.05;20.99;4.79;1.15;3.45;0.63;16.38;6.6;23.26
2004-07-01;31.81;20.62;111.35;18.51;36.72;172.71;107.61;14.44;2.19;63.81;36.76;98.68;29.07;148.09;101.22;33.82;29.51;16.08;1.3;5.82;36.27;41.12;14.65;11.17
2004-08-01;1.57;23.85;45.6;0.21;3.34;47.12;9.92;0.13;2.47;2.25;0.89;3.84;0.43;37.78;7.42;19.35;38.93;1.02;0.06;1.48;18.93;0.2;14.72;9.1
2004-09-01;8.4;56.73;147.4;1.68;22.03;211.23;47.57;2.86;6.71;13.36;4.81;33.85;14.89;92.64;28.12;45.37;75.97;3.85;0.82;0.88;66.96;5.77;23.03;4.2
2004-10-01;137.38;167.01;135.54;63.75;131.71;189.79;237.47;106.78;114.89;134.55;126.38;217.19;172.84;282.07;123.3;106.94;165.17;116.56;141.0;58.08;202.07;83.79;151.24;5.32
2004-11-01;157.72;173.03;161.33;126.49;191.75;125.27;203.72;145.56;146.5;179.14;147.24;150.29;196.11;170.39;170.17;152.19;193.99;145.53;141.13;122.62;204.23;116.54;170.42;37.15
2004-12-01;277.97;217.93;94.53;305.12;277.51;86.68;126.87;253.32;205.83;185.65;342.64;128.51;223.75;99.65;171.1;227.09;290.89;249.64;220.22;159.66;276.18;312.85;210.68;18.4
2005-01-01;268.26;192.87;57.75;252.26;284.24;119.85;189.5;220.47;187.26;310.65;243.24;272.41;293.74;159.94;204.79;187.38;202.4;224.36;199.71;167.39;287.79;221.32;205.65;65.1
2005-02-01;78.9;200.21;20.6;145.77;132.53;41.04;35.65;113.79;174.58;65.65;138.05;28.62;69.37;45.7;126.46;192.29;211.6;71.95;202.63;163.7;256.41;132.23;194.53;94.63
2005-03-01;209.75;336.31;61.86;230.18;162.01;115.88;30.85;309.18;253.23;152.91;156.48;53.87;120.11;68.86;117.59;145.98;328.73;236.6;365.31;158.33;436.21;215.9;292.7;162.82
2005-04-01;51.46;110.49;183.19;24.95;64.74;214.42;114.75;35.96;62.93;69.95;22.42;78.3;59.71;131.82;88.6;81.35;109.24;30.89;67.76;40.95;129.86;43.47;85.81;56.1
2005-05-01;99.48;70.92;207.48;27.05;76.4;225.37;109.57;19.47;36.31;100.64;61.95;106.13;76.14;199.51;102.02;68.97;61.6;25.59;17.06;36.6;20.51;63.62;58.14;54.53
2005-06-01;19.92;20.53;179.21;10.56;12.89;189.65;105.93;8.07;0.1;24.23;16.56;47.06;47.03;156.08;20.84;36.1;21.77;12.07;2.83;4.09;4.51;14.03;4.14;52.23
2005-07-01;18.42;13.88;37.12;3.68;18.6;88.3;36.68;0.15;0.01;23.7;6.6;41.71;19.96;90.85;29.03;15.96;6.1;1.28;0.0;1.34;0.02;3.1;0.62;20.89
2005-08-01;2.78;7.55;105.99;5.56;6.06;165.92;42.15;11.47;1.91;11.48;5.67;43.32;10.98;122.99;9.59;21.08;22.88;5.95;10.83;2.0;4.38;3.71;1.42;20.27
2005-09-01;64.21;84.49;142.7;47.18;71.35;193.98;172.69;34.18;28.55;89.99;114.91;190.99;95.35;229.82;96.33;50.14;54.08;37.76;84.49;21.5;93.85;58.05;39.91;3.28
2005-10-01;123.01;98.78;324.88;72.92;100.23;294.95;298.36;68.1;36.98;149.91;118.18;225.85;146.92;312.96;106.84;137.6;141.0;98.07;32.94;17.98;159.49;63.23;55.67;0.54
2005-11-01;159.19;170.84;80.54;271.1;153.13;87.28;92.42;183.96;193.62;121.6;322.7;78.38;144.0;82.35;110.23;147.89;195.04;182.35;192.97;201.71;218.97;201.32;162.21;47.41
2005-12-01;229.97;356.11;76.34;264.82;219.56;71.48;110.01;251.41;288.26;193.49;266.93;122.67;243.56;67.52;169.26;209.27;326.5;248.21;341.92;218.17;407.74;232.66;273.89;53.86
2006-01-01;229.35;220.83;131.93;168.74;130.4;137.31;156.94;113.28;91.84;214.21;215.48;153.58;184.66;169.25;150.44;284.28;222.76;126.91;138.15;51.32;245.01;115.11;167.53;5.12
2006-02-01;250.94;242.86;45.46;145.28;191.89;99.32;137.61;137.42;156.89;236.06;159.07;179.13;311.56;88.48;242.3;187.24;280.18;172.24;208.88;114.15;297.15;141.92;238.21;85.25
2006-03-01;179.67;256.38;156.92;232.91;208.86;145.86;156.35;173.15;330.14;150.7;245.3;121.41;171.84;130.05;163.87;142.07;230.56;205.55;225.32;230.86;266.17;185.23;278.82;185.9
2006-04-01;61.39;200.27;100.71;90.1;34.04;42.56;78.6;98.45;185.94;50.01;91.5;42.92;65.42;43.65;39.62;127.6;209.88;96.44;106.29;121.66;236.16;47.5;219.14;136.47
2006-05-01;23.65;105.06;51.03;20.36;27.3;24.48;36.64;26.81;26.61;17.53;30.42;14.43;37.93;11.7;31.49;29.09;78.41;14.62;23.36;21.64;39.1;15.27;74.64;39.02
2006-06-01;11.51;18.02;96.88;5.22;11.44;113.74;44.29;1.09;0.21;17.4;14.26;32.79;9.0;40.8;10.85;36.78;12.72;0.47;0.63;2.66;0.64;5.46;2.67;41.36
2006-07-01;4.53;11.88;125.67;2.28;11.34;128.97;43.29;1.07;0.0;29.66;1.98;31.76;12.39;51.69;79.45;14.67;11.41;2.53;0.05;1.47;3.68;0.84;6.3;25.7
2006-08-01;19.93;11.96;82.98;12.9;19.47;144.45;55.68;14.41;2.43;15.13;24.83;28.21;26.03;77.05;28.54;20.5;16.69;13.43;3.61;5.5;5.09;12.2;7.42;9.82
2006-09-01;59.19;74.7;143.65;73.06;67.0;115.67;149.27;89.74;141.46;74.48;59.19;143.36;67.53;147.7;77.14;73.46;85.52;165.53;197.36;38.67;88.97;50.85;99.45;155.93
2006-10-01;159.64;129.84;185.37;208.04;107.1;83.62;109.11;231.77;220.63;98.58;213.4;108.57;136.22;85.93;159.67;137.78;182.27;208.0;306.65;135.02;187.79;115.27;207.46;82.26
2006-11-01;176.5;132.44;209.86;185.37;205.68;239.03;137.38;176.63;153.44;126.92;181.44;96.99;130.63;155.24;234.27;118.79;156.32;166.73;193.43;177.3;156.28;173.38;170.03;41.79
2006-12-01;298.84;188.16;111.27;248.63;246.93;158.06;264.79;267.85;174.29;220.63;317.81;203.62;333.55;163.41;231.45;186.54;242.71;233.11;215.62;180.07;369.6;303.49;178.66;13.73
2007-01-01;434.91;149.28;162.39;305.76;424.36;145.37;240.8;313.09;144.13;360.43;371.45;295.01;384.76;175.06;269.01;214.25;246.0;244.84;263.9;119.73;229.28;263.16;190.03;20.42
2007-02-01;161.64;303.94;143.38;183.81;83.77;180.04;163.59;214.16;248.96;138.6;146.49;145.03;167.19;132.21;118.72;221.68;346.25;188.09;295.56;249.88;433.41;92.57;314.72;241.9
2007-03-01;120.15;163.36;148.78;35.87;74.39;177.69;97.25;51.39;105.49;127.5;60.92;124.48;110.96;115.47;115.79;169.04;166.0;93.46;78.75;28.93;194.01;38.75;153.51;81.42
2007-04-01;51.47;132.66;155.01;50.76;55.91;130.25;141.18;59.37;55.28;61.65;90.34;75.14;48.96;204.09;127.88;112.11;116.33;42.18;94.54;40.16;76.46;58.83;135.76;45.99
2007-05-01;58.8;58.5;212.71;6.91;52.21;234.83;96.84;6.54;14.07;76.53;13.82;81.0;69.78;238.15;77.47;65.32;66.97;19.71;42.14;5.97;32.44;16.36;34.27;44.37
2007-06-01;1.94;23.51;62.24;2.51;7.79;63.71;4.85;21.04;9.74;17.34;0.51;15.34;2.07;29.2;30.59;3.56;33.48;28.42;4.63;1.97;17.74;1.3;21.34;17.21
2007-07-01;65.65;22.31;120.47;12.64;44.13;228.86;103.48;9.19;0.09;150.87;28.73;189.12;71.4;121.62;105.78;34.01;30.59;16.02;2.1;1.37;32.37;10.94;6.36;15.05
2007-08-01;0.2;17.32;98.1;0.96;0.29;102.44;18.29;20.56;6.88;1.09;6.34;12.21;1.66;33.89;6.0;6.71;18.74;1.99;0.01;1.83;22.09;0.2;3.94;13.48
2007-09-01;9.33;23.24;181.24;4.59;9.69;177.07;17.4;5.44;11.41;9.75;6.45;24.4;7.06;57.54;31.83;26.99;52.87;6.55;1.74;2.89;22.22;1.42;12.87;8.72
2007-10-01;70.24;73.93;199.68;37.22;88.37;200.69;69.87;56.4;45.5;71.19;59.0;69.99;70.5;162.37;133.8;118.78;116.22;74.9;38.57;12.49;114.17;38.81;65.99;4.0
2007-11-01;135.33;139.14;148.39;118.85;160.85;175.7;210.34;158.2;151.28;150.1;196.84;176.25;127.24;175.37;214.98;178.41;218.56;92.04;154.91;106.12;232.15;120.65;144.44;19.24
2007-12-01;154.71;208.04;114.08;184.89;174.21;153.59;138.96;203.68;121.3;164.42;333.1;195.63;127.61;200.88;135.7;207.95;180.57;175.49;200.74;136.98;221.32;175.97;175.85;20.55
2008-01-01;292.7;279.53;92.0;199.81;256.28;120.92;156.56;227.02;218.83;261.93;238.69;176.6;232.05;166.54;265.56;303.11;365.27;260.93;241.87;121.34;396.64;278.72;293.15;33.33
2008-02-01;218.1;265.68;115.37;229.48;205.41;126.6;179.59;223.71;251.74;179.72;260.79;133.89;172.08;105.33;253.86;199.06;251.91;243.24;263.85;132.14;324.6;182.8;243.62;127.14
2008-03-01;199.85;291.44;101.78;182.65;217.88;111.63;81.96;204.43;268.78;142.5;256.26;132.61;182.5;100.6;227.53;192.82;231.1;198.09;186.96;166.76;287.18;196.79;277.91;212.42
2008-04-01;141.62;136.64;170.47;132.3;145.51;210.94;116.36;229.19;190.32;116.29;213.05;144.86;117.46;195.76;144.98;81.79;132.18;142.23;145.13;122.49;134.83;102.33;194.54;122.69
2008-05-01;42.32;84.9;102.35;57.61;32.9;63.43;67.42;95.62;9.86;69.26;13.22;81.3;55.28;63.23;60.09;45.73;81.74;37.27;6.34;6.1;21.45;5.71;95.78;59.34
2008-06-01;8.79;18.14;190.57;21.82;18.69;186.27;63.28;36.42;0.62;46.44;19.48;60.98;8.33;149.59;49.56;15.52;13.67;0.5;0.0;3.22;6.82;8.8;5.6;20.63
2008-07-01;2.62;5.11;91.4;2.25;4.97;39.57;34.38;4.87;0.56;4.37;0.23;21.79;0.82;51.5;2.71;16.2;21.93;1.06;0.04;1.05;0.4;1.22;2.27;29.67
2008-08-01;26.09;29.04;144.15;2.73;38.98;123.53;166.83;17.77;0.01;64.5;11.34;151.96;41.62;125.26;90.97;29.22;17.78;7.06;0.45;1.51;10.18;17.84;3.22;11.54
2008-09-01;25.14;68.79;95.13;37.7;70.77;163.07;60.8;35.37;14.35;39.0;60.38;73.18;22.15;72.88;72.69;26.02;71.84;24.0;38.66;17.64;59.63;51.75;34.34;8.48
2008-10-01;81.92;109.66;335.81;31.11;88.29;345.43;154.56;69.1;29.11;113.47;60.9;139.3;112.62;234.98;119.3;94.73;127.58;92.52;58.55;10.34;127.29;28.54;102.49;12.36
2008-11-01;101.37;187.59;111.45;132.99;156.69;155.39;154.08;95.33;293.45;107.19;125.52;112.92;146.31;128.84;239.42;105.91;242.52;122.21;183.2;171.1;298.67;151.19;191.36;3.47
2008-12-01;302.88;278.56;75.94;271.68;274.95;84.76;61.99;265.39;311.87;197.64;330.46;77.44;146.72;74.42;238.69;232.26;247.33;219.97;324.37;219.23;256.3;332.57;284.21;70.8
2009-01-01;284.37;236.43;125.57;236.81;277.82;171.58;171.33;270.53;208.81;276.06;276.07;289.79;266.55;157.43;282.88;158.01;241.28;245.5;236.02;178.94;216.96;302.99;180.91;82.91
2009-02-01;212.47;312.46;138.09;175.61;238.36;116.2;135.59;153.47;152.17;195.89;171.35;185.75;152.44;123.68;302.03;226.4;289.81;171.61;204.82;88.96;280.22;174.05;248.09;105.6
2009-03-01;185.68;345.03;95.13;134.16;136.26;80.54;77.82;154.52;130.14;143.64;234.79;65.14;165.8;54.7;163.46;242.03;311.36;124.79;192.55;122.2;264.9;129.17;212.75;85.09
2009-04-01;61.85;273.97;19.73;126.5;96.95;24.78;23.64;126.68;227.06;55.96;112.34;26.84;18.66;49.71;92.61;152.0;199.21;69.7;192.32;150.28;173.4;68.82;256.94;188.4
2009-05-01;42.65;165.98;153.72;60.92;34.69;157.53;149.41;52.22;110.42;31.32;61.92;66.58;43.81;141.7;65.42;59.53;83.05;30.23;36.14;34.93;65.1;18.05;158.81;145.8
2009-06-01;34.08;57.54;73.4;23.84;28.15;65.93;98.57;22.91;12.28;54.15;28.08;77.64;40.25;89.71;51.3;35.84;53.22;23.19;13.05;15.89;39.23;21.47;24.81;27.92
2009-07-01;28.55;17.07;143.28;5.32;23.45;213.9;160.72;13.77;1.62;94.56;7.48;222.66;45.06;187.13;92.79;55.13;24.3;8.74;13.41;1.54;1.63;1.83;12.61;24.85
2009-08-01;64.57;37.57;240.97;29.44;38.41;236.17;103.99;50.89;7.64;92.64;46.51;88.48;79.83;118.99;50.88;30.96;45.55;18.94;52.83;9.71;51.16;27.88;19.29;28.22
2009-09-01;109.37;99.51;381.7;72.8;96.17;424.32;131.42;79.5;58.46;140.18;76.14;206.62;132.55;304.41;111.73;47.02;90.17;112.71;62.2;21.72;119.02;57.03;49.83;1.33
2009-10-01;126.74;153.04;120.03;138.72;144.9;160.4;302.2;156.69;200.83;101.58;164.04;247.21;141.74;226.46;168.22;91.83;159.65;104.82;209.09;199.56;161.0;162.37;144.44;68.59
2009-11-01;171.86;152.26;417.62;124.49;109.34;213.81;188.82;153.73;168.17;182.99;141.41;204.55;176.52;176.01;158.27;114.44;215.22;185.23;179.12;71.07;273.06;100.99;160.71;5.9
2009-12-01;304.91;255.16;213.64;275.55;301.0;133.66;229.21;258.5;253.95;327.09;289.23;246.29;260.08;175.95;280.9;231.19;291.58;298.96;340.97;202.3;370.71;272.09;268.17;58.77
2010-01-01;262.26;295.01;319.25;161.88;176.58;254.43;212.08;175.66;245.01;270.93;182.96;289.65;268.4;214.64;280.47;239.69;356.45;188.56;145.36;81.22;397.32;138.76;219.11;69.44
2010-02-01;117.25;252.48;137.72;96.44;79.45;197.41;161.91;94.17;122.91;110.36;130.21;140.28;165.33;156.76;138.83;214.5;275.69;145.03;126.9;52.31;265.43;58.21;195.12;46.72
2010-03-01;149.24;231.54;55.43;169.58;173.59;189.43;140.13;162.17;220.03;132.01;190.48;167.94;153.67;197.76;192.34;164.83;232.25;160.47;205.39;181.01;266.91;179.02;212.78;76.01
2010-04-01;48.03;178.52;167.1;55.77;62.84;267.85;94.91;68.18;99.79;84.92;63.69;114.5;74.57;223.01;102.55;42.09;162.61;73.26;106.92;81.09;67.8;52.06;128.53;112.9
2010-05-01;22.65;52.55;139.88;12.32;29.37;223.78;128.78;7.54;18.15;29.4;32.21;68.76;29.11;129.64;27.56;46.36;46.5;7.38;5.86;16.69;25.37;31.96;46.6;20.27
2010-06-01;13.12;30.92;130.59;7.42;8.93;101.39;23.81;7.15;14.98;22.85;9.55;35.26;9.11;73.39;14.56;7.11;36.04;32.54;8.76;2.28;2.85;4.35;15.89;53.54
2010-07-01;9.38;15.87;185.96;2.79;18.8;149.75;69.88;4.83;0.08;45.12;2.78;61.18;12.49;119.16;65.11;28.55;16.64;18.06;0.15;2.51;2.68;1.3;2.29;35.11
2010-08-01;0.56;9.54;73.63;0.67;0.27;72.76;11.55;14.81;2.64;3.65;0.0;23.35;1.37;56.87;3.47;18.13;6.65;10.7;2.25;0.55;2.11;0.05;3.9;12.74
2010-09-01;62.71;30.52;239.53;26.37;61.65;159.36;161.28;23.25;15.32;66.03;77.13;84.59;84.6;80.07;84.04;31.19;24.37;13.38;17.16;7.16;7.39;29.03;5.25;12.55
2010-10-01;105.4;124.06;93.77;83.99;105.12;135.65;167.09;99.19;139.95;87.49;136.16;156.04;120.19;185.86;95.31;113.57;168.77;116.74;129.91;97.09;138.67;92.65;129.45;57.22
2010-11-01;140.5;185.6;69.66;211.27;214.48;129.95;119.69;187.82;224.81;68.31;249.99;76.69;122.16;85.97;141.06;121.72;230.76;187.66;218.0;176.34;274.0;206.08;179.0;2.49
2010-12-01;187.88;250.17;174.14;210.64;246.06;190.2;212.79;237.76;210.21;196.91;197.4;210.69;175.29;250.99;307.28;156.6;240.47;208.77;283.74;208.15;277.14;258.02;207.43;116.21
2011-01-01;267.62;361.51;128.56;288.69;330.93;187.65;171.22;253.31;270.56;325.78;258.27;232.34;255.62;196.6;259.49;219.88;379.79;251.45;282.18;149.33;335.01;224.18;319.87;88.3
2011-02-01;161.82;330.28;226.52;77.02;107.81;291.27;226.94;150.02;207.02;183.6;129.57;185.41;243.66;236.96;176.32;244.32;361.09;170.94;176.57;89.32;375.71;78.06;254.79;114.71
2011-03-01;349.62;286.08;184.34;393.52;245.72;195.99;137.24;344.08;229.91;173.23;399.48;112.81;347.04;144.11;243.54;170.54;265.72;321.6;294.22;237.33;262.18;307.14;289.76;102.63
2011-04-01;93.68;196.17;191.39;73.07;67.84;94.77;126.31;74.24;89.67;87.91;115.14;82.6;76.32;85.47;115.96;133.66;174.86;62.73;51.71;41.89;131.13;76.53;156.52;67.82
2011-05-01;5.58;92.07;75.23;3.62;9.06;107.49;11.23;2.73;17.94;17.45;1.41;15.21;15.07;34.64;28.9;43.54;58.27;1.8;20.4;7.61;21.47;4.0;60.8;80.64
2011-06-01;30.55;20.74;172.3;10.64;24.7;150.0;81.75;14.41;0.8;38.65;17.02;79.39;39.37;123.14;31.65;18.64;14.33;29.45;15.63;2.24;12.36;18.97;10.16;18.59
2011-07-01;0.22;13.34;248.54;0.13;1.07;242.06;108.35;0.08;0.14;5.89;0.09;74.89;6.86;199.58;5.23;16.81;7.26;0.16;0.05;1.25;2.11;0.24;4.53;22.55
2011-08-01;16.6;26.52;199.18;0.68;7.39;304.01;119.73;0.34;0.31;27.4;1.47;104.71;11.39;259.2;24.85;21.09;22.53;2.68;0.11;1.76;7.17;0.7;5.32;17.71
2011-09-01;9.17;25.82;42.72;2.6;3.62;168.11;46.83;2.11;1.52;12.13;14.82;15.62;19.15;132.96;16.79;47.01;52.38;4.57;6.17;0.57;50.02;2.34;10.83;12.99
2011-10-01;150.72;166.01;159.85;168.01;113.24;148.86;190.35;209.62;155.54;150.39;148.02;230.02;146.7;189.33;117.5;94.96;180.47;153.64;164.73;103.01;206.48;136.31;168.79;27.92
2011-11-01;154.85;269.11;51.85;119.76;140.39;86.58;118.08;135.33;209.57;124.12;128.27;88.23;103.92;93.87;139.41;123.74;208.59;124.14;210.9;146.52;260.66;136.62;202.97;29.56
2011-12-01;210.13;190.17;35.86;327.6;230.93;98.3;63.15;286.48;205.73;128.22;341.12;88.31;144.57;77.28;144.33;209.14;236.2;200.24;237.07;201.22;298.79;322.0;198.93;23.05
2012-01-01;293.28;372.88;79.18;272.17;273.68;153.59;143.64;305.44;287.74;250.96;367.45;199.71;216.0;139.49;263.17;192.49;342.71;258.07;305.94;136.02;467.84;235.87;322.18;21.22
2012-02-01;97.04;218.87;76.4;109.7;85.27;132.78;117.27;132.74;147.51;84.82;90.65;93.95;116.73;112.38;94.35;282.05;241.7;174.37;136.75;62.81;289.72;55.61;207.72;69.77
2012-03-01;99.3;269.18;81.52;113.11;108.88;72.85;62.21;146.48;102.64;46.51;123.99;64.37;100.83;38.98;132.59;143.73;230.72;131.02;178.34;64.99;284.66;106.44;184.85;31.04
2012-04-01;90.79;100.22;59.07;46.37;55.59;70.58;140.19;79.27;53.09;92.99;78.47;116.08;86.61;112.41;79.8;119.27;127.46;72.71;81.75;18.51;101.0;48.53;85.96;4.42
2012-05-01;55.82;70.82;41.28;26.92;51.02;43.3;80.27;38.76;41.06;57.7;38.56;58.25;74.44;60.91;59.22;85.71;87.99;31.71;18.0;17.8;51.07;33.47;56.96;10.49
2012-06-01;104.08;26.19;70.07;53.07;83.59;135.06;195.37;32.99;9.4;147.17;70.65;230.79;141.19;155.2;105.05;65.41;31.81;40.74;12.24;4.8;25.06;49.94;23.47;9.7
2012-07-01;25.78;21.9;137.01;2.28;23.05;180.66;35.55;5.46;8.29;51.3;5.68;47.5;8.51;103.21;65.39;13.6;14.27;3.8;10.61;3.87;0.11;2.8;5.07;17.55
2012-08-01;0.21;7.89;57.5;0.2;3.93;17.47;6.72;0.11;0.13;0.95;0.0;3.78;0.43;7.99;7.38;13.66;7.23;0.06;0.92;2.69;0.06;0.49;0.59;18.77
2012-09-01;65.38;39.94;131.84;29.73;31.4;107.01;64.31;32.0;23.59;59.27;35.62;66.33;76.5;58.16;23.82;58.62;65.95;60.41;18.14;4.31;79.8;20.56;22.32;4.32
2012-10-01;57.82;121.28;223.8;47.99;53.29;151.93;132.34;62.6;29.95;66.94;74.05;79.36;50.4;161.54;67.66;69.97;137.55;50.52;54.25;11.76;154.73;32.19;74.19;1.54
2012-11-01;169.57;187.52;62.5;275.58;166.56;38.08;109.11;237.11;272.29;121.27;172.42;83.51;129.48;69.03;104.04;154.57;235.38;196.77;270.17;259.03;278.66;233.4;214.96;19.22
2012-12-01;201.19;173.96;273.95;125.94;182.07;174.45;149.79;152.46;115.74;233.24;143.2;196.35;150.36;140.14;240.8;202.91;200.64;156.18;130.72;56.74;242.15;121.12;160.7;9.31
2013-01-01;244.69;260.33;74.29;303.11;308.64;112.67;107.4;279.63;256.4;219.49;285.54;140.32;160.58;105.0;285.92;162.59;291.05;236.01;324.02;212.49;245.85;251.87;328.66;75.81
2013-02-01;165.36;228.54;159.78;85.95;112.3;161.77;200.3;109.55;94.5;170.56;104.51;199.51;136.63;144.7;198.69;224.92;286.47;135.41;126.91;32.5;325.95;61.35;148.58;7.89
2013-03-01;177.99;302.61;129.39;206.1;154.57;168.1;169.02;221.12;177.85;161.82;219.01;134.99;137.81;155.56;170.64;176.35;301.57;219.0;182.34;120.87;344.71;167.68;213.67;33.33
2013-04-01;83.88;204.49;94.34;99.1;58.01;79.85;125.03;91.42;124.86;92.58;77.09;129.54;92.72;62.67;65.99;92.09;180.99;81.52;74.73;78.24;212.09;75.47;131.58;61.22
2013-05-01;98.76;121.42;55.69;32.76;52.27;78.0;110.95;36.84;21.45;105.01;76.1;95.57;30.58;105.28;48.75;55.44;77.23;27.23;22.99;9.94;34.48;48.18;47.32;25.98
2013-06-01;37.88;45.26;71.5;16.49;26.83;174.84;264.94;13.82;15.2;77.65;15.19;200.97;69.78;270.04;30.01;78.94;42.73;17.58;11.95;9.72;9.0;19.55;30.47;18.44
2013-07-01;26.0;33.81;53.39;3.29;34.01;78.44;38.77;0.33;0.42;44.3;2.71;69.55;22.4;94.84;69.1;17.41;19.55;2.69;0.55;2.12;1.29;5.52;6.44;38.2
2013-08-01;5.32;16.26;160.34;1.39;5.11;298.4;9.69;1.01;0.92;4.56;8.85;7.93;0.56;76.17;5.34;27.68;16.26;0.68;2.17;2.32;0.05;3.56;3.45;11.62
2013-09-01;57.8;63.86;80.45;24.52;59.44;194.25;72.8;23.74;11.64;49.03;30.91;98.74;42.43;134.5;46.49;50.42;57.26;21.41;20.45;14.98;67.71;51.43;27.3;3.24
2013-10-01;109.31;134.46;138.37;115.09;96.57;159.83;157.57;104.43;99.75;116.33;153.26;156.55;104.23;137.37;115.71;150.42;159.48;87.69;126.53;53.89;206.14;88.82;119.08;20.44
2013-11-01;148.32;165.42;146.58;148.72;152.3;120.18;120.71;158.63;168.83;117.81;177.52;96.39;96.97;121.52;174.9;128.08;209.75;199.43;163.35;126.25;248.55;130.99;154.93;26.01
2013-12-01;163.26;193.63;81.51;274.38;154.44;110.68;89.71;270.85;387.37;102.34;195.83;69.69;139.32;90.78;148.75;230.17;271.86;217.07;259.19;294.82;283.89;265.94;247.48;103.74
2014-01-01;70.69;158.6;137.41;101.23;88.25;198.37;174.39;87.11;168.89;86.54;78.5;189.64;142.84;178.63;103.02;321.81;186.98;92.36;94.79;39.4;191.48;58.76;171.03;14.82
2014-02-01;93.8;283.5;107.45;80.25;43.76;157.8;119.25;101.85;159.66;78.88;54.43;113.81;132.42;110.64;59.91;275.23;300.45;114.72;131.15;57.09;252.61;29.17;237.94;48.83
2014-03-01;118.28;256.06;140.9;112.06;80.61;181.73;153.62;174.8;216.68;121.18;152.76;124.49;157.89;195.29;105.28;226.11;238.4;185.96;167.1;103.12;274.59;82.29;211.87;72.7
2014-04-01;70.08;150.16;107.96;103.71;76.14;114.1;130.77;124.03;110.08;64.74;130.67;88.04;62.16;84.08;79.25;103.87;147.05;93.26;125.57;71.01;125.6;53.93;144.03;89.64
2014-05-01;12.7;58.05;200.04;7.38;16.77;199.06;137.46;6.55;26.45;41.01;17.24;87.19;52.39;112.36;39.22;93.46;76.69;4.7;9.27;10.59;46.17;13.64;38.52;42.72
2014-06-01;3.33;16.37;276.63;1.52;15.65;362.83;155.23;1.55;0.68;10.03;2.51;96.19;16.31;203.67;31.48;45.14;10.04;2.14;2.21;4.17;10.38;5.96;3.53;14.92
2014-07-01;41.72;3.63;148.31;30.03;36.16;66.66;106.97;25.18;0.06;24.83;62.03;58.72;77.63;64.17;38.04;44.75;7.47;45.13;1.05;4.9;2.3;39.91;6.87;27.68
2014-08-01;0.43;11.45;76.78;0.78;11.23;87.06;11.9;0.11;1.89;13.38;0.31;17.25;1.89;41.47;33.86;24.25;13.31;0.31;0.67;1.15;4.88;1.65;1.78;15.96
2014-09-01;42.22;55.72;220.35;13.13;28.32;206.25;168.98;22.71;19.67;73.09;8.72;162.21;83.2;162.02;43.61;58.23;47.53;34.34;35.52;2.17;59.33;5.85;37.99;10.64
2014-10-01;41.73;113.89;211.79;37.84;38.22;134.21;54.13;42.86;90.32;21.67;72.99;36.93;59.13;60.33;37.34;82.29;73.86;46.77;55.71;38.87;91.66;49.73;88.36;13.16
2014-11-01;194.92;157.21;77.92;186.28;168.13;167.09;125.95;202.98;203.54;153.91;249.26;122.26;177.17;121.24;122.56;165.59;166.83;195.98;165.72;152.99;171.75;178.03;148.01;47.0
2014-12-01;184.52;158.16;124.89;173.09;142.58;215.7;115.29;196.18;201.48;185.02;154.46;192.08;174.34;124.97;109.05;162.81;192.84;212.92;159.85;149.09;276.79;100.33;216.28;37.9
2015-01-01;97.97;194.04;259.1;63.58;88.7;226.74;119.47;77.82;81.61;135.37;59.34;147.74;122.21;115.82;120.42;263.94;199.26;104.82;62.69;39.89;200.42;81.28;149.71;10.77
2015-02-01;199.05;207.34;101.36;156.72;165.45;127.47;119.68;167.3;147.94;154.83;251.65;182.81;198.74;134.82;129.44;164.46;217.92;209.52;176.23;119.28;227.24;181.95;199.59;64.33
2015-03-01;180.39;195.07;53.71;180.76;159.91;82.02;85.48;209.84;170.31;141.28;234.12;134.2;159.65;91.87;144.93;118.04;219.79;219.32;158.71;97.23;130.6;162.0;197.12;80.06
2015-04-01;66.63;144.93;136.58;69.88;41.97;66.17;75.37;142.9;221.05;39.83;61.34;59.1;69.12;39.29;55.47;99.09;159.86;102.67;119.81;100.98;170.65;37.02;140.66;61.48
2015-05-01;60.44;56.17;134.76;35.1;44.1;61.77;124.17;23.65;30.44;68.35;71.84;107.48;78.19;92.26;25.06;120.56;45.34;51.97;15.56;22.13;56.11;41.75;57.33;25.85
2015-06-01;17.37;7.18;196.43;12.55;17.47;76.76;30.06;5.18;0.04;20.41;32.79;18.39;24.92;61.94;19.99;42.3;12.19;7.15;0.6;3.2;3.46;12.83;2.48;16.6
2015-07-01;14.3;17.74;199.35;1.7;4.03;164.36;197.11;2.55;0.06;50.72;5.31;160.96;48.98;145.7;16.64;57.48;9.19;5.19;0.8;1.93;20.67;2.42;9.04;22.56
2015-08-01;7.5;5.54;67.51;2.35;17.75;48.94;24.56;2.78;0.68;20.51;0.47;31.97;12.19;29.67;15.75;30.05;9.29;5.07;0.4;3.08;2.84;1.78;3.6;12.3
2015-09-01;111.95;14.21;170.58;51.89;105.52;258.38;151.17;41.73;10.18;142.82;74.64;167.73;93.76;96.38;92.0;33.25;8.96;49.61;24.47;6.53;18.22;63.32;13.75;4.02
2015-10-01;74.93;63.71;257.44;55.77;45.55;275.64;139.05;80.5;42.89;69.58;42.89;171.14;91.39;157.72;57.66;59.38;67.9;56.86;90.2;20.71;106.68;61.08;51.93;3.96
2015-11-01;214.07;114.63;155.06;138.12;187.93;196.74;298.58;177.97;100.59;236.76;162.42;290.18;226.66;208.1;181.78;128.65;121.33;200.64;175.73;108.55;133.7;140.74;114.83;3.62
2015-12-01;207.63;84.74;406.18;113.47;203.8;261.07;268.81;176.44;96.82;208.64;203.65;258.77;209.95;267.93;186.62;119.88;118.49;166.58;161.43;46.76;147.02;176.72;106.83;25.94
2016-01-01;321.96;330.64;98.5;310.49;319.36;102.45;135.67;342.08;375.26;270.29;343.3;247.51;220.43;159.07;274.95;179.99;277.6;318.05;481.1;395.12;366.15;261.7;366.3;210.75
2016-02-01;154.34;113.81;137.45;119.17;131.15;186.45;187.2;136.43;50.96;189.52;125.59;247.14;164.24;223.67;168.87;239.73;144.93;126.79;97.62;29.78;100.73;75.97;91.77;44.42
2016-03-01;206.73;275.12;249.17;157.54;157.22;200.89;88.5;165.8;111.89;155.77;201.58;104.52;104.89;143.25;191.16;167.3;198.11;160.61;155.69;64.5;235.52;114.45;202.27;39.91
2016-04-01;13.54;90.79;155.98;11.86;20.3;131.66;57.53;9.47;14.76;18.93;4.64;62.65;55.45;70.56;20.79;99.07;59.49;6.55;10.85;8.47;64.22;19.9;66.61;12.95
2016-05-01;50.41;37.57;62.22;10.33;27.71;122.13;193.79;14.05;1.28;97.84;4.86;172.32;96.14;154.99;41.57;34.91;31.0;19.62;2.77;3.29;17.5;5.8;24.7;33.2
2016-06-01;65.57;25.78;14.48;10.77;63.95;38.24;64.84;10.34;3.28;110.94;38.33;92.43;48.74;76.74;131.1;24.77;20.19;16.85;0.07;2.89;23.54;28.8;18.21;16.18
2016-07-01;0.38;7.73;144.24;0.04;0.38;128.52;41.55;0.01;0.0;4.71;0.0;33.67;5.57;81.61;0.98;9.01;3.81;0.01;0.0;0.86;0.01;0.05;1.33;8.3
2016-08-01;30.74;15.0;110.79;9.58;25.2;163.58;133.96;13.87;1.12;47.18;15.04;112.78;59.14;149.19;28.03;38.04;39.95;23.47;12.17;3.46;26.03;7.56;10.46;5.02
2016-09-01;11.55;49.78;61.12;15.16;24.34;77.3;44.32;21.05;28.14;18.75;12.11;38.03;25.6;62.77;24.2;54.46;58.66;14.93;36.7;15.39;66.18;26.1;49.93;7.04
2016-10-01;106.81;93.44;286.07;71.52;126.18;227.57;161.5;103.48;70.61;109.62;104.65;134.03;81.51;156.65;112.72;88.24;122.8;113.72;102.25;57.05;107.8;97.73;89.8;5.53
2016-11-01;153.72;113.19;134.15;186.46;204.71;95.63;74.87;189.14;131.84;109.03;185.69;70.16;92.52;112.46;213.03;89.27;145.42;174.94;222.77;155.01;203.7;173.83;153.46;9.08
2016-12-01;166.85;193.14;105.26;181.53;149.93;186.29;196.66;170.74;126.44;124.76;254.71;154.43;173.73;181.93;142.93;141.77;248.34;167.9;126.93;96.49;280.45;173.68;132.35;19.62
2017-01-01;233.34;213.09;135.61;135.04;177.34;172.65;155.71;189.28;110.12;275.4;168.91;234.59;270.05;193.48;304.61;160.31;212.28;198.0;107.26;52.59;233.92;106.63;178.39;14.98
2017-02-01;114.27;260.94;174.05;187.34;90.98;124.0;151.78;177.09;161.07;98.26;155.81;114.41;112.77;171.74;84.21;173.12;249.26;140.06;156.16;133.05;269.91;113.19;253.06;51.74
2017-03-01;114.9;231.38;140.9;109.07;123.47;106.18;132.17;124.6;131.57;115.59;86.26;108.96;142.86;108.64;218.94;176.29;208.15;171.43;125.88;106.58;197.63;75.68;165.79;49.04
2017-04-01;89.36;179.69;208.48;31.49;58.27;121.61;167.76;66.99;107.42;117.24;41.32;113.19;88.89;98.53;76.91;142.88;181.94;111.1;86.8;33.31;140.88;40.41;116.22;54.43
2017-05-01;92.36;46.63;314.76;52.7;64.02;296.84;173.97;56.25;22.47;139.38;71.99;186.28;104.91;201.66;80.49;83.15;63.64;59.15;26.35;20.17;35.95;50.44;27.69;38.63
2017-06-01;9.58;17.86;149.48;2.84;25.23;165.9;90.0;0.61;0.41;43.15;10.34;128.71;19.85;116.22;44.76;29.98;20.47;0.73;0.77;1.3;15.48;16.04;10.16;45.25
2017-07-01;0.43;2.88;24.76;0.0;1.31;13.55;1.84;0.0;0.07;0.9;0.02;0.93;0.09;6.62;10.09;1.27;4.56;0.0;3.95;1.4;0.01;0.25;2.43;48.1
2017-08-01;13.39;19.38;174.96;3.0;15.52;112.72;102.42;0.01;0.01;44.93;0.8;83.66;49.67;119.46;50.03;42.41;18.6;1.03;6.22;0.4;6.62;0.07;6.25;11.12
2017-09-01;14.11;20.37;125.58;17.88;28.99;54.19;22.78;10.08;0.09;11.36;28.82;20.07;16.65;41.75;28.59;45.15;33.26;17.66;3.03;1.89;56.0;10.9;4.86;28.36
2017-10-01;104.02;110.71;212.6;86.36;104.61;167.37;255.99;67.58;21.76;102.13;106.79;224.89;126.37;283.61;87.36;86.86;122.63;54.93;38.62;18.43;120.14;77.76;47.04;1.98
2017-11-01;180.03;187.05;174.93;237.65;137.16;119.6;163.39;241.35;186.37;174.94;229.2;167.66;219.69;174.02;133.68;139.51;200.0;284.14;222.23;124.37;222.9;152.9;164.42;25.28
2017-12-01;217.48;248.16;105.03;199.95;213.47;128.16;235.65;217.57;175.9;124.12;220.44;213.19;235.25;179.38;127.84;237.3;250.68;213.57;209.21;155.02;306.84;228.02;203.23;23.83
2018-01-01;224.42;210.24;272.47;169.11;204.51;217.51;218.54;193.69;122.42;186.52;178.78;251.46;173.78;229.81;259.21;248.19;160.02;204.48;108.29;75.43;285.18;163.37;162.76;43.21
2018-02-01;170.47;312.32;88.07;210.74;151.19;68.98;147.16;211.93;264.6;84.34;236.62;98.87;102.98;98.04;149.38;189.47;327.76;172.1;153.06;185.64;377.13;202.1;284.82;142.36
2018-03-01;134.78;249.16;173.11;113.89;112.97;153.55;157.66;103.9;149.11;138.17;96.72;172.45;87.78;244.11;158.98;158.5;223.63;109.44;115.27;142.14;316.33;119.0;227.37;97.8
2018-04-01;40.54;140.41;104.07;83.34;28.68;35.01;26.92;113.81;111.05;24.24;127.15;18.95;42.26;24.68;58.46;84.15;144.36;106.68;73.43;41.16;160.48;23.68;105.83;78.05
2018-05-01;18.69;47.82;87.53;19.18;27.1;75.4;53.63;16.18;5.92;11.86;20.19;32.24;22.91;49.02;32.43;57.43;65.17;17.17;27.67;6.4;46.62;12.74;25.59;25.14
2018-06-01;7.09;7.38;126.03;3.44;19.25;125.17;54.49;0.32;0.01;8.0;0.99;41.69;6.51;116.98;26.11;37.06;12.33;0.2;0.0;1.9;5.71;4.56;2.25;12.18
2018-07-01;2.36;5.95;111.9;1.02;5.26;77.71;3.58;0.0;0.01;5.04;0.21;8.91;0.46;9.41;12.17;13.05;6.15;0.0;0.03;0.59;0.23;0.27;0.58;7.32
2018-08-01;38.09;32.17;97.71;14.58;63.58;97.27;95.99;11.56;9.11;59.62;18.43;113.35;28.86;71.65;60.75;47.33;25.64;7.82;13.26;8.12;26.29;26.12;10.08;3.75
2018-09-01;55.99;61.57;188.86;53.49;58.85;186.93;151.14;44.59;5.47;57.33;50.05;101.02;89.76;153.2;58.15;56.49;59.46;41.01;18.6;6.8;50.9;38.11;25.48;3.93
2018-10-01;172.94;136.9;216.18;152.81;186.21;207.86;246.08;153.56;118.83;171.61;178.19;223.93;196.43;272.4;143.5;139.73;170.41;179.74;151.97;75.06;202.84;146.46;123.03;6.94
2018-11-01;238.09;244.97;227.42;365.84;207.83;139.0;150.3;333.18;218.63;154.83;346.39;102.21;217.78;101.69;184.51;177.15;197.74;267.81;212.38;156.52;202.93;247.94;225.41;20.08
2018-12-01;135.99;191.91;136.75;202.76;205.39;151.99;77.15;178.63;168.02;121.1;193.06;102.92;104.66;115.03;158.79;201.05;230.06;159.35;179.95;178.35;208.67;179.84;167.83;97.44
2019-01-01;87.58;195.91;204.18;70.03;105.31;173.49;137.9;93.87;103.99;140.62;137.26;141.18;131.75;170.67;190.91;182.83;238.37;133.64;94.93;35.48;235.01;62.22;148.51;20.37
2019-02-01;193.65;182.68;111.2;205.21;192.64;147.19;173.07;192.92;144.65;168.94;285.47;157.94;195.83;166.7;220.43;204.14;212.76;226.89;144.44;125.97;202.71;199.01;159.28;59.99
2019-03-01;154.55;230.1;183.47;178.22;168.56;118.7;169.57;181.51;234.23;130.61;172.9;130.55;124.13;120.98;197.8;153.06;306.93;170.65;251.35;166.33;289.72;131.46;173.08;122.16
2019-04-01;118.04;177.05;140.9;85.38;95.72;120.45;64.63;113.62;132.05;95.61;76.83;72.6;96.72;140.5;93.58;113.82;188.75;110.27;153.61;77.84;182.05;53.36;113.13;47.42
2019-05-01;33.77;76.17;255.6;43.06;42.26;231.47;137.04;45.37;27.38;28.85;46.82;83.45;44.45;241.01;65.12;60.43;62.66;33.97;21.41;24.97;35.0;42.13;40.11;24.16
2019-06-01;5.91;25.29;21.55;1.03;8.44;24.39;43.54;1.21;0.05;18.22;2.81;64.24;12.23;65.76;34.29;35.23;29.59;0.48;1.33;1.52;6.74;3.33;2.71;33.32
2019-07-01;13.28;16.91;116.74;2.83;14.26;82.26;31.08;0.39;0.1;52.4;1.44;49.54;19.28;27.62;47.16;30.87;9.56;0.66;0.4;1.73;0.83;0.69;5.73;46.94
2019-08-01;16.55;14.32;70.73;1.81;13.96;30.01;4.54;0.69;0.14;10.72;10.24;6.24;18.18;21.23;40.76;6.46;10.82;2.11;0.73;3.42;0.12;2.24;1.8;17.28
2019-09-01;57.53;51.55;69.02;23.33;61.44;68.13;40.23;17.04;21.63;48.13;48.66;69.72;39.85;98.18;58.71;28.08;57.2;22.39;12.46;7.29;33.42;26.67;15.6;4.12
2019-10-01;61.34;129.43;331.16;53.83;69.65;198.45;68.02;69.04;66.22;43.44;77.06;59.39;74.34;111.2;61.81;71.04;116.55;87.68;68.55;32.35;121.44;48.83;91.7;9.52
2019-11-01;157.93;126.76;169.61;142.23;141.6;132.85;130.61;153.06;138.78;110.47;143.73;139.42;128.09;149.92;98.96;166.17;134.35;176.29;127.21;88.2;134.88;149.14;104.21;22.94
2019-12-01;183.58;96.82;38.43;215.32;142.12;71.12;239.24;222.34;94.45;152.41;213.37;156.6;194.57;121.93;117.94;205.63;181.96;220.58;120.77;78.72;134.57;178.98;118.86;19.79
2020-01-01;243.31;183.11;154.82;268.14;180.29;121.58;142.85;264.37;215.21;161.91;252.11;127.87;159.14;147.16;128.21;159.0;214.45;254.26;216.64;232.5;105.19;271.32;171.18;83.41
2020-02-01;260.23;206.74;20.85;288.44;347.51;116.01;96.61;290.99;150.53;257.75;401.07;161.81;197.92;127.65;226.37;213.2;239.62;276.08;267.29;126.39;213.55;273.82;197.62;80.95
2020-03-01;89.36;280.55;16.96;156.16;128.41;31.25;36.71;139.3;202.33;105.92;136.26;50.91;54.16;49.56;86.2;120.33;233.21;108.09;297.95;209.24;245.96;134.42;251.16;122.01
2020-04-01;22.58;280.83;28.32;71.43;31.94;52.62;56.76;82.16;149.6;24.34;38.7;30.94;42.95;49.09;10.88;93.17;179.35;60.26;144.08;88.82;178.79;54.48;167.91;79.41
2020-05-01;19.45;104.53;98.21;23.19;24.41;80.56;96.34;15.87;29.19;31.53;28.74;53.27;30.36;109.83;16.95;50.64;85.36;25.75;13.85;22.59;39.12;34.87;55.16;68.37
2020-06-01;10.99;10.96;131.04;0.8;13.35;167.9;99.66;0.62;0.76;71.71;1.83;126.03;28.88;209.42;29.78;55.63;15.12;1.65;0.55;2.41;3.31;1.23;4.23;49.44
2020-07-01;2.13;3.51;198.19;1.02;2.8;213.21;22.88;1.77;0.38;13.51;1.99;27.75;2.11;82.6;5.32;31.83;6.25;1.49;0.3;2.4;2.87;2.9;3.03;28.54
2020-08-01;6.95;8.82;103.56;2.29;16.29;115.31;145.08;0.3;8.32;44.08;2.91;128.18;25.05;160.82;27.22;49.64;4.69;1.27;0.19;2.63;1.33;7.07;3.61;22.31
2020-09-01;12.14;30.93;90.01;7.12;29.2;83.66;18.18;8.79;13.62;11.52;23.07;18.89;9.68;45.81;30.47;31.98;40.85;12.02;18.29;3.73;30.44;10.88;11.4;12.66
2020-10-01;64.9;117.22;53.79;101.69;61.21;37.57;79.66;111.88;73.68;52.42;77.98;80.64;74.25;64.17;51.88;60.72;94.86;97.55;115.15;73.91;91.29;111.66;84.76;13.52
2020-11-01;74.42;112.02;85.7;79.49;103.76;99.81;41.21;108.32;102.57;60.7;76.7;55.76;41.97;94.42;105.01;67.55;96.83;79.6;131.15;119.8;126.61;94.63;122.23;69.83
2020-12-01;199.27;156.93;136.91;170.15;237.98;142.01;162.27;162.91;105.92;136.03;211.76;131.76;111.0;180.56;219.61;192.63;137.93;167.35;123.07;79.33;215.0;168.83;134.46;10.87
2021-01-01;108.09;189.55;190.43;83.07;139.65;223.71;254.04;109.3;96.27;118.44;90.9;195.3;147.74;235.3;106.5;217.93;133.52;106.14;127.53;61.08;188.14;109.7;141.12;24.37
2021-02-01;118.3;266.21;76.71;242.4;181.87;60.87;76.81;255.59;209.05;83.34;212.95;54.69;70.45;45.99;171.83;167.88;174.76;184.93;305.85;184.04;266.4;219.1;263.4;70.04
2021-03-01;71.1;242.19;132.71;67.79;98.76;111.29;114.15;99.52;132.75;90.31;91.17;128.82;80.38;105.7;108.72;173.84;206.38;94.19;109.84;31.49;252.24;70.53;190.58;31.02
2021-04-01;26.38;148.94;48.99;64.23;19.92;15.54;11.71;68.84;186.19;34.95;22.25;14.76;18.58;7.93;24.76;128.73;158.83;47.11;80.8;63.63;141.39;12.51;116.33;78.51
