date;dona_francisca;emborcacao;ita;nova_avanhandava;nova_ponte;santa_cecilia;serra_da_mesa;teles_pires;tres_marias
1979-01-01;34.92;448.73;48.55;176.42;407.43;207.49;488.34;372.31;386.7
1979-02-01;189.96;337.63;123.82;149.88;334.94;174.69;316.76;426.7;364.18
1979-03-01;76.81;154.75;97.81;129.49;152.35;174.29;210.27;278.15;153.09
1979-04-01;199.47;77.91;139.08;86.54;82.84;102.7;64.34;134.55;77.84
1979-05-01;186.71;56.33;226.63;111.16;67.23;104.32;29.84;48.65;68.54
1979-06-01;56.25;0.05;56.89;8.05;0.01;37.03;0.08;0.72;1.35
1979-07-01;161.33;18.58;137.67;52.16;26.35;72.74;5.06;4.9;28.47
1979-08-01;188.94;22.44;140.52;72.29;28.91;95.14;35.69;53.78;35.11
1979-09-01;219.25;72.33;127.53;141.62;90.72;143.33;61.98;107.51;85.9
1979-10-01;383.35;77.86;311.17;123.26;75.17;126.73;113.86;136.79;84.71
1979-11-01;153.69;225.36;179.78;171.67;231.33;212.25;214.7;227.15;233.92
1979-12-01;247.49;287.36;200.78;285.82;307.16;242.11;279.93;283.4;303.51
1980-01-01;78.17;427.71;154.16;242.11;432.04;244.51;446.47;466.25;389.46
1980-02-01;107.07;281.69;176.92;257.21;263.6;229.35;559.61;511.67;221.11
1980-03-01;221.7;53.97;131.09;108.87;60.68;131.53;82.86;235.89;62.41
1980-04-01;97.76;152.56;84.71;129.76;158.51;159.85;151.04;148.64;159.37
1980-05-01;195.24;17.76;145.48;22.44;20.87;23.5;19.32;51.66;20.38
1980-06-01;97.99;39.63;82.36;91.34;48.3;87.79;11.88;17.48;54.58
1980-07-01;128.45;0.42;186.97;27.43;0.59;38.18;0.05;1.67;1.94
1980-08-01;110.75;13.67;176.16;35.84;19.93;66.15;0.52;21.75;17.36
1980-09-01;120.73;43.67;163.0;85.81;42.62;77.71;70.96;108.52;41.81
1980-10-01;256.24;38.6;182.53;100.56;45.18;138.2;54.27;147.66;55.5
1980-11-01;202.09;280.11;156.06;184.98;286.0;194.32;310.27;336.26;248.09
1980-12-01;134.19;300.96;266.26;269.54;293.85;299.78;384.17;397.45;312.71
1981-01-01;193.1;297.68;154.17;284.95;323.69;288.08;310.35;351.68;300.32
1981-02-01;174.13;47.64;202.84;111.86;54.97;123.56;71.56;247.06;65.37
1981-03-01;56.19;274.72;65.34;149.11;266.15;190.14;357.62;384.04;245.86
1981-04-01;103.07;38.98;136.99;79.56;37.67;119.04;68.48;137.45;40.22
1981-05-01;50.14;18.86;44.54;26.52;22.3;40.24;16.82;29.7;23.17
1981-06-01;152.72;47.24;138.97;77.41;50.37;69.22;35.27;18.4;48.0
1981-07-01;51.81;1.54;59.69;31.99;0.84;62.08;9.61;0.91;1.28
1981-08-01;38.73;17.79;84.95;18.91;16.43;45.53;7.16;9.08;20.33
1981-09-01;218.25;6.16;172.03;22.36;6.66;38.81;7.4;40.59;13.37
1981-10-01;60.18;248.83;129.6;218.91;236.05;188.03;251.09;217.87;229.28
1981-11-01;162.84;341.6;172.74;177.16;353.04;205.93;308.87;337.68;336.04
1981-12-01;157.36;279.32;167.7;215.18;306.5;278.26;255.85;284.47;302.17
1982-01-01;48.28;405.84;59.05;294.26;418.85;301.48;494.2;428.7;367.77
1982-02-01;192.93;75.92;194.32;229.74;88.85;197.96;151.38;289.01;103.75
1982-03-01;72.06;391.94;98.2;265.81;430.04;279.15;297.78;355.07;378.31
1982-04-01;45.57;53.29;31.18;66.07;52.62;98.69;84.41;187.73;54.35
1982-05-01;157.37;44.68;93.65;72.18;47.83;51.94;51.51;39.74;39.58
1982-06-01;291.19;2.48;285.97;140.42;3.57;151.33;0.3;16.31;15.59
1982-07-01;204.2;5.92;174.96;51.79;8.15;59.95;2.23;3.16;12.77
1982-08-01;279.58;7.67;156.34;47.04;5.13;84.92;30.85;31.64;13.42
1982-09-01;178.14;22.82;101.91;35.41;23.52;52.63;73.9;170.78;20.82
1982-10-01;272.16;111.64;284.74;242.26;131.28;212.05;172.37;152.44;140.93
1982-11-01;363.24;91.78;343.97;203.07;109.43;185.1;140.75;201.56;113.9
1982-12-01;122.07;280.57;141.48;288.22;325.86;333.16;264.6;288.33;330.24
1983-01-01;166.0;446.61;180.99;355.68;462.08;276.37;433.42;354.92;434.26
1983-02-01;277.79;312.8;230.82;259.3;334.54;233.73;298.11;267.62;279.8
1983-03-01;171.75;230.69;167.23;230.53;230.75;286.91;281.61;329.89;244.58
1983-04-01;281.82;153.7;182.65;174.26;173.15;191.44;109.55;103.63;160.41
1983-05-01;350.86;40.28;313.48;236.16;44.41;205.86;28.79;38.59;77.12
1983-06-01;134.62;9.09;195.37;159.25;12.46;209.73;1.69;13.29;42.82
1983-07-01;384.91;28.14;569.18;49.25;37.73;58.65;16.6;6.09;37.82
1983-08-01;123.61;1.59;150.13;9.72;2.24;27.2;0.09;3.28;1.66
1983-09-01;120.13;58.49;186.44;245.46;73.5;290.73;50.43;75.85;138.97
1983-10-01;203.47;220.18;165.03;188.32;258.55;175.03;168.71;257.34;222.29
1983-11-01;91.89;282.35;146.72;149.82;273.44;150.76;271.54;226.9;239.22
1983-12-01;96.48;329.42;144.6;275.3;334.61;281.1;337.58;278.39;350.17
1984-01-01;295.35;105.46;219.28;203.18;116.69;210.81;139.24;239.9;129.5
1984-02-01;163.27;99.16;182.24;89.95;97.07;57.5;183.06;275.73;87.32
1984-03-01;97.95;162.92;129.84;120.55;145.09;137.74;221.36;246.36;141.12
1984-04-01;236.15;106.39;152.91;113.92;95.52;131.47;129.52;225.87;83.13
1984-05-01;343.69;18.59;173.2;74.11;26.06;95.11;16.33;79.84;32.28
1984-06-01;268.46;0.0;255.04;5.9;0.0;10.6;0.08;8.16;0.78
1984-07-01;213.41;1.24;161.78;17.75;1.71;31.33;0.19;1.2;2.86
1984-08-01;183.68;43.67;252.26;108.31;50.0;116.07;44.78;32.58;53.38
1984-09-01;220.17;95.78;160.68;108.2;111.59;110.23;70.88;116.17;97.94
1984-10-01;196.41;94.25;131.87;53.69;91.36;70.65;140.18;219.09;88.58
1984-11-01;153.42;171.98;183.36;145.71;180.36;139.52;154.37;195.54;189.5
1984-12-01;104.03;280.54;146.61;224.09;291.41;211.98;209.31;269.0;312.59
1985-01-01;57.77;501.67;66.88;261.86;514.19;336.79;581.26;416.14;514.5
1985-02-01;198.93;115.83;217.65;196.01;131.24;271.93;152.52;245.39;160.13
1985-03-01;224.05;215.89;157.97;206.23;221.84;241.96;246.41;305.85;235.43
1985-04-01;227.85;34.24;165.22;141.26;34.12;147.2;113.3;263.59;45.09
1985-05-01;252.35;20.85;109.48;48.5;22.98;70.95;25.24;38.63;27.59
1985-06-01;125.11;0.83;76.78;21.08;1.12;38.66;0.34;2.26;4.11
1985-07-01;200.04;0.13;97.06;9.69;0.1;11.01;0.59;7.38;0.83
1985-08-01;253.08;1.81;158.99;21.1;1.82;48.18;2.52;10.22;7.69
1985-09-01;198.28;68.78;124.15;53.31;74.05;112.51;53.68;93.13;75.81
1985-10-01;71.72;118.32;90.42;58.94;110.38;76.21;156.03;235.43;102.92
1985-11-01;19.2;195.83;67.38;163.96;211.77;157.87;198.09;205.28;205.37
1985-12-01;53.97;302.38;89.41;145.96;277.67;198.51;401.46;287.31;275.75
1986-01-01;105.19;306.26;135.96;183.82;319.27;187.32;260.19;365.66;287.9
1986-02-01;151.51;228.47;148.09;242.35;253.18;278.65;196.4;326.98;227.32
1986-03-01;240.03;112.07;117.45;228.01;136.55;265.25;161.1;287.18;129.72
1986-04-01;314.63;37.36;192.32;69.49;36.33;113.31;72.77;157.07;44.13
1986-05-01;231.87;36.83;181.58;114.21;44.58;96.12;28.95;66.85;52.97
1986-06-01;163.95;2.55;68.57;6.93;2.05;20.92;0.54;3.58;5.82
1986-07-01;96.61;39.58;69.25;55.66;40.32;95.81;11.41;12.65;44.11
1986-08-01;188.33;69.35;153.13;122.14;75.93;109.76;56.77;75.99;74.5
1986-09-01;168.42;17.59;159.47;46.65;22.19;73.55;23.81;97.28;17.91
1986-10-01;143.77;59.04;140.05;75.73;50.67;79.58;125.34;215.46;41.78
1986-11-01;377.75;119.53;225.27;140.0;121.43;167.62;135.35;201.34;128.67
1986-12-01;72.33;333.3;146.55;348.97;357.31;405.73;311.55;278.74;367.88
1987-01-01;198.99;183.66;174.75;290.15;208.23;314.38;177.84;267.42;222.7
1987-02-01;181.06;97.07;176.54;202.61;101.58;180.52;156.43;257.11;102.79
1987-03-01;135.16;156.8;60.53;114.73;147.82;136.3;278.37;297.88;157.92
1987-04-01;303.79;148.96;199.57;96.0;157.8;196.21;123.19;134.19;141.68
1987-05-01;207.84;24.17;302.55;177.91;26.96;196.68;20.31;48.6;49.02
1987-06-01;120.91;9.81;133.64;100.54;13.15;138.02;3.28;11.09;19.04
1987-07-01;410.52;3.81;202.36;22.67;5.57;26.13;0.07;1.34;6.74
1987-08-01;154.98;3.47;169.41;17.19;4.74;29.13;1.38;12.68;4.84
1987-09-01;148.53;67.24;118.37;91.57;72.9;117.11;45.29;63.09;79.07
1987-10-01;171.71;114.07;205.25;110.44;130.16;123.67;143.75;127.55;112.38
1987-11-01;129.17;182.63;112.53;163.57;171.4;104.56;273.08;284.71;163.86
1987-12-01;101.06;407.51;148.83;172.96;377.72;202.6;362.37;335.08;346.63
1988-01-01;227.67;163.43;191.31;239.88;175.57;261.71;191.65;290.44;184.16
1988-02-01;85.75;286.95;116.63;262.55;327.01;376.2;302.16;378.09;317.12
1988-03-01;55.18;172.1;53.57;178.55;151.87;196.2;270.52;349.33;150.94
1988-04-01;193.27;102.85;184.47;143.4;97.85;185.53;135.3;200.12;94.54
1988-05-01;85.44;12.6;184.5;134.84;16.48;184.79;11.71;33.81;36.5
1988-06-01;147.96;8.5;161.96;39.22;10.75;65.69;18.59;13.18;13.93
1988-07-01;42.51;0.07;21.44;6.94;0.05;26.9;0.04;1.29;0.83
1988-08-01;40.83;0.08;23.69;3.16;0.06;8.71;0.02;0.37;0.22
1988-09-01;341.93;23.0;239.49;34.26;31.43;64.89;12.63;37.07;27.39
1988-10-01;146.41;147.2;158.2;188.42;156.4;196.1;192.39;187.96;156.84
1988-11-01;139.43;162.0;101.26;96.07;144.79;134.31;194.3;257.4;153.76
1988-12-01;98.47;258.82;127.95;193.68;258.83;222.09;267.39;362.28;248.83
1989-01-01;246.37;163.47;250.4;298.59;173.93;271.39;230.61;357.6;186.05
1989-02-01;60.13;230.31;142.17;294.23;261.79;297.65;248.05;282.06;240.02
1989-03-01;142.3;138.11;144.18;165.69;151.52;203.78;196.47;319.61;168.39
1989-04-01;162.1;34.11;131.16;66.47;33.56;117.44;69.07;212.46;42.67
1989-05-01;32.75;8.98;95.45;54.5;12.21;80.46;23.75;58.43;14.16
1989-06-01;108.87;26.16;67.28;70.52;26.63;89.54;17.39;34.63;39.66
1989-07-01;140.35;27.68;155.18;124.84;34.74;140.6;19.43;15.18;37.72
1989-08-01;178.95;21.07;150.39;38.32;26.46;46.83;22.8;51.99;23.81
1989-09-01;311.97;60.58;306.65;92.69;60.76;108.43;64.7;65.09;67.51
1989-10-01;161.24;99.21;131.3;74.74;92.18;72.92;131.77;186.32;100.54
1989-11-01;121.88;279.49;112.87;152.47;275.38;128.64;319.64;197.1;241.01
1989-12-01;110.99;481.22;84.57;252.71;422.9;193.19;590.85;455.82;360.0
1990-01-01;189.33;119.2;260.2;283.04;124.04;215.72;185.45;300.29;123.28
1990-02-01;132.48;172.95;154.01;129.14;181.5;127.52;237.72;385.7;166.82
1990-03-01;176.54;103.46;139.94;204.19;110.35;189.39;111.11;228.09;126.9
1990-04-01;300.88;40.57;211.7;93.36;45.36;138.53;73.84;130.46;55.01
1990-05-01;206.55;42.24;189.78;68.14;46.3;77.14;74.44;80.89;51.72
1990-06-01;184.38;0.34;197.43;19.45;0.46;29.85;0.32;3.86;3.17
1990-07-01;91.33;45.7;122.0;88.19;41.16;108.78;19.45;27.08;41.45
1990-08-01;49.71;31.49;105.11;80.26;32.14;71.66;24.06;35.51;42.71
1990-09-01;303.89;44.84;225.86;77.95;46.21;106.29;70.48;139.46;51.43
1990-10-01;242.14;86.81;248.46;114.47;98.79;132.23;104.93;184.13;90.68
1990-11-01;242.27;136.53;203.1;126.32;129.99;125.79;170.78;182.73;141.35
1990-12-01;127.86;134.01;125.71;152.86;135.91;138.11;167.13;270.75;144.03
1991-01-01;76.49;378.79;137.47;298.31;432.83;298.91;320.28;420.2;433.12
1991-02-01;36.91;218.11;52.27;231.51;225.77;217.6;236.92;325.97;214.17
1991-03-01;79.45;353.27;79.77;335.96;361.18;389.71;346.15;385.9;310.91
1991-04-01;208.7;87.06;139.48;140.74;100.86;140.7;120.62;184.82;93.25
1991-05-01;52.05;17.4;42.22;46.5;21.6;61.86;8.34;111.38;24.45
1991-06-01;240.48;0.54;213.0;55.29;0.79;74.18;0.12;4.76;3.74
1991-07-01;135.04;2.37;94.06;26.6;3.42;37.97;0.01;2.56;10.11
1991-08-01;62.43;0.47;101.79;18.87;0.29;35.12;0.5;1.06;1.35
1991-09-01;77.23;50.11;64.55;74.52;57.0;108.14;48.25;69.37;64.53
1991-10-01;111.9;87.95;189.21;130.63;96.14;153.11;95.03;153.24;102.88
1991-11-01;73.37;186.81;111.65;82.41;156.2;95.71;211.0;226.84;165.91
1991-12-01;259.76;272.46;236.62;234.9;272.57;217.4;254.21;272.96;254.44
1992-01-01;92.67;467.2;145.2;186.33;470.72;244.97;440.12;371.52;458.09
1992-02-01;247.8;331.93;185.07;180.34;336.25;118.32;348.1;378.84;265.14
1992-03-01;184.79;132.3;179.87;227.09;146.65;181.96;181.6;282.53;119.66
1992-04-01;198.83;120.09;110.74;106.29;130.89;91.7;158.67;183.31;104.95
1992-05-01;299.99;24.2;343.03;110.56;31.21;95.17;15.2;56.08;44.13
1992-06-01;176.68;0.25;153.92;4.76;0.02;6.69;0.74;4.68;2.61
1992-07-01;139.11;1.55;188.73;42.87;2.01;76.92;0.02;4.54;12.02
1992-08-01;112.26;8.46;161.15;31.91;6.95;45.11;9.87;39.78;11.02
1992-09-01;179.56;89.15;172.97;139.96;107.91;155.72;94.97;145.48;119.67
1992-10-01;192.52;206.73;111.68;198.04;227.09;181.91;208.16;188.15;200.88
1992-11-01;133.92;285.17;153.69;179.45;269.62;262.01;310.87;234.15;255.33
1992-12-01;94.19;291.31;92.13;133.14;283.58;158.78;364.99;323.38;261.13
1993-01-01;279.32;133.88;235.2;219.52;151.3;215.15;130.25;202.87;170.98
1993-02-01;76.92;274.46;142.83;310.21;294.27;269.1;308.52;404.33;243.77
1993-03-01;181.61;66.81;131.92;156.55;88.16;202.46;102.77;189.24;105.03
1993-04-01;77.51;99.29;87.14;102.54;109.19;106.05;81.59;116.05;95.25
1993-05-01;214.3;22.71;193.71;83.8;21.08;90.69;41.15;46.36;27.07
1993-06-01;164.5;20.75;122.08;73.75;27.31;74.61;9.15;11.14;29.92
1993-07-01;200.36;0.21;267.84;19.69;0.27;28.02;0.04;5.93;1.17
1993-08-01;27.42;17.52;43.01;44.39;19.85;35.43;25.71;36.11;16.16
1993-09-01;115.76;49.92;213.68;166.53;55.9;171.8;76.46;93.57;68.6
1993-10-01;213.68;77.03;166.68;95.21;81.24;119.04;96.03;170.82;94.18
1993-11-01;241.24;122.64;138.3;97.78;124.77;94.58;157.63;223.5;116.21
1993-12-01;223.71;362.67;195.34;203.17;368.61;195.11;364.06;349.46;304.41
1994-01-01;101.66;339.75;101.56;270.12;369.11;225.11;298.96;364.91;335.75
1994-02-01;329.84;80.77;288.12;183.9;78.74;180.35;185.05;290.77;80.6
1994-03-01;74.56;330.09;94.27;181.76;329.55;284.58;332.74;311.48;299.23
1994-04-01;216.89;46.53;164.74;89.18;42.75;121.24;102.06;194.63;58.42
1994-05-01;199.06;52.56;205.32;58.11;71.04;94.51;16.16;52.99;77.4
1994-06-01;188.27;12.94;170.63;42.59;8.67;66.22;23.32;49.51;14.35
1994-07-01;246.69;1.31;199.56;32.84;1.83;47.88;3.58;12.71;5.21
1994-08-01;106.08;3.65;56.71;5.07;5.26;19.37;0.01;6.95;2.31
1994-09-01;162.45;1.57;107.21;12.72;2.29;33.77;3.22;86.38;1.32
1994-10-01;275.44;86.5;250.14;128.41;98.13;114.38;93.86;175.77;90.44
1994-11-01;160.63;228.19;164.6;151.43;210.02;141.94;268.13;220.09;187.37
1994-12-01;162.7;232.32;185.76;242.14;258.25;266.06;275.75;361.01;261.77
1995-01-01;187.13;149.11;247.15;265.8;156.86;267.06;245.18;347.41;157.21
1995-02-01;164.64;234.33;159.29;417.35;261.59;379.55;263.67;361.81;270.98
1995-03-01;158.62;171.17;101.89;194.66;176.07;215.2;207.14;251.4;174.77
1995-04-01;50.6;56.26;83.19;88.05;54.65;75.01;162.38;247.16;61.27
1995-05-01;66.2;66.77;28.98;64.64;78.75;101.39;56.62;102.21;61.08
1995-06-01;139.68;2.82;172.02;39.29;4.08;65.17;1.13;6.73;5.71
1995-07-01;176.89;0.19;173.38;51.8;0.26;64.68;0.1;1.01;6.41
1995-08-01;101.46;0.0;93.2;18.17;0.0;39.7;0.32;2.56;0.58
1995-09-01;182.12;27.81;194.32;76.58;39.43;109.08;21.11;53.25;38.58
1995-10-01;176.29;119.27;163.08;176.3;124.38;247.52;125.77;130.86;146.94
1995-11-01;29.26;203.44;70.37;104.29;182.27;159.26;224.28;271.75;181.95
1995-12-01;77.05;314.96;132.69;232.03;326.03;235.44;312.72;314.87;344.7
1996-01-01;333.15;130.92;313.91;244.61;150.1;267.82;163.66;301.15;175.7
1996-02-01;247.36;137.09;229.98;227.14;165.52;336.7;153.54;236.45;177.29
1996-03-01;119.12;139.44;181.63;247.83;138.05;326.36;238.16;278.3;159.99
1996-04-01;153.17;79.8;75.28;87.34;83.32;116.57;113.21;217.84;73.19
1996-05-01;45.3;30.15;35.05;53.38;29.31;58.99;27.44;65.3;33.65
1996-06-01;135.88;4.37;176.88;39.2;6.37;53.22;0.27;6.16;10.08
1996-07-01;83.85;3.9;112.63;13.29;5.66;24.3;0.51;1.21;3.63
1996-08-01;193.77;12.53;183.98;32.04;16.03;45.84;19.35;38.48;18.65
1996-09-01;92.15;46.42;172.44;148.63;61.23;186.1;31.94;87.38;84.97
1996-10-01;206.29;89.54;204.35;147.8;83.33;141.5;164.59;162.37;104.97
1996-11-01;101.4;286.81;116.6;162.41;305.79;194.76;272.68;266.97;316.92
1996-12-01;171.61;284.04;176.29;230.59;310.03;225.32;196.35;245.44;316.99
1997-01-01;139.97;346.64;194.11;377.52;389.03;343.34;360.9;371.02;387.45
1997-02-01;212.36;110.78;227.88;134.18;106.95;119.24;166.08;220.84;119.63
1997-03-01;36.12;252.06;65.04;89.56;230.33;102.88;392.22;402.69;196.87
1997-04-01;84.22;92.33;52.33;52.81;81.17;71.77;122.76;163.32;78.4
1997-05-01;123.29;40.77;92.55;81.69;44.0;81.53;43.57;47.23;39.72
1997-06-01;163.73;51.8;177.38;157.74;59.74;97.59;42.26;33.49;57.3
1997-07-01;104.92;0.49;134.69;17.72;0.71;16.45;0.14;1.96;3.77
1997-08-01;191.35;0.0;242.48;32.23;0.0;50.77;0.29;6.92;1.64
1997-09-01;146.87;58.55;165.12;96.41;65.82;117.58;59.44;98.47;67.95
1997-10-01;551.39;95.34;401.54;118.69;98.62;136.34;122.78;137.73;102.68
1997-11-01;301.33;200.69;286.49;259.8;223.2;238.2;151.14;177.02;218.51
1997-12-01;288.62;287.94;206.59;170.74;307.42;195.98;224.42;244.19;286.07
1998-01-01;229.15;224.39;243.07;194.53;236.31;241.14;251.6;253.38;223.56
1998-02-01;341.22;213.4;286.8;287.85;231.88;310.06;228.26;327.2;232.45
1998-03-01;194.67;94.85;226.03;222.13;98.14;200.53;150.66;267.18;94.5
1998-04-01;332.89;58.91;272.99;91.4;67.71;84.79;53.19;105.95;56.64
1998-05-01;157.42;59.66;129.16;97.14;79.79;124.46;25.67;33.12;77.95
1998-06-01;99.23;3.01;98.4;22.35;4.4;35.55;3.24;2.6;4.54
1998-07-01;199.96;0.15;170.31;20.57;0.19;30.53;0.81;3.69;1.7
1998-08-01;237.7;30.61;243.04;65.83;43.5;47.48;2.17;17.63;40.37
1998-09-01;228.91;5.28;252.82;116.07;7.05;145.68;17.0;73.15;17.14
1998-10-01;188.95;125.59;159.6;205.98;126.92;223.72;127.68;178.96;153.04
1998-11-01;60.54;255.94;58.16;78.82;240.68;111.35;267.12;264.09;218.97
1998-12-01;133.23;236.75;132.97;269.36;231.66;234.21;234.87;287.11;241.84
1999-01-01;103.9;172.39;149.1;377.43;190.24;347.96;186.73;288.01;225.75
1999-02-01;146.06;194.96;160.65;238.02;206.0;252.39;171.46;260.14;186.55
1999-03-01;96.72;244.55;88.1;135.75;260.82;175.91;213.3;240.49;225.29
1999-04-01;218.82;26.94;180.57;80.17;27.2;91.28;51.31;130.08;31.05
1999-05-01;182.83;9.86;106.31;44.43;9.32;48.09;31.57;58.02;10.23
1999-06-01;125.46;6.76;122.07;66.86;9.89;88.89;1.04;7.62;16.09
1999-07-01;206.92;2.35;195.68;36.4;3.41;57.03;0.06;1.34;7.93
1999-08-01;31.43;0.0;36.92;7.72;0.0;23.6;0.74;1.17;0.76
1999-09-01;195.63;38.51;128.16;91.91;45.88;91.57;41.0;103.7;37.87
1999-10-01;223.43;108.28;182.66;60.32;106.41;84.42;177.22;138.39;85.0
1999-11-01;94.23;248.35;98.61;78.95;261.88;111.75;283.07;253.01;230.58
1999-12-01;110.84;289.79;139.21;183.38;273.59;199.4;316.77;355.6;271.0
2000-01-01;156.98;284.54;166.55;302.7;315.46;352.2;264.01;333.9;335.72
2000-02-01;102.15;251.48;155.99;273.09;267.94;227.81;296.75;323.29;238.27
2000-03-01;237.3;239.49;138.71;189.44;236.9;199.39;243.73;299.28;223.03
2000-04-01;115.07;39.05;103.36;14.33;45.23;50.96;76.02;154.0;38.37
2000-05-01;139.24;2.61;102.74;17.02;3.67;28.96;3.54;16.72;6.1
2000-06-01;242.32;0.32;169.81;17.39;0.46;19.49;0.01;3.6;1.49
2000-07-01;123.24;6.61;138.17;53.96;7.13;78.49;2.86;8.71;14.76
2000-08-01;98.28;24.06;111.38;74.4;24.03;93.88;24.0;19.33;29.63
2000-09-01;199.64;80.72;274.43;136.51;93.77;130.22;72.17;95.26;93.28
2000-10-01;307.68;53.11;280.38;59.04;46.12;73.27;89.23;138.17;55.66
2000-11-01;168.71;294.38;123.5;224.69;300.55;224.41;274.51;217.84;280.13
2000-12-01;185.59;253.19;183.44;242.13;252.22;260.96;324.73;319.87;259.07
2001-01-01;328.35;126.87;249.41;181.71;147.01;175.35;133.41;320.76;152.33
2001-02-01;180.77;86.82;214.27;171.93;91.14;189.38;141.31;174.56;92.64
2001-03-01;149.68;168.09;142.32;160.36;177.44;186.23;240.38;209.03;164.02
2001-04-01;231.43;23.18;182.56;50.48;25.2;68.07;64.36;106.71;26.17
2001-05-01;118.74;44.63;160.03;105.02;51.97;98.99;34.24;45.16;53.5
2001-06-01;138.54;2.38;145.24;38.04;0.97;34.0;1.79;16.09;2.54
2001-07-01;168.44;4.28;210.65;42.12;5.83;55.51;2.35;7.58;6.51
2001-08-01;69.94;40.25;59.15;49.02;50.97;59.42;15.81;12.25;41.11
2001-09-01;218.65;39.48;208.15;72.43;44.22;87.92;58.58;74.5;53.23
2001-10-01;208.42;112.24;216.59;170.84;108.47;161.34;186.46;174.71;113.71
2001-11-01;167.01;241.74;188.95;169.45;244.14;168.13;244.82;258.26;242.89
2001-12-01;64.08;295.23;118.23;259.15;328.76;291.46;263.01;370.07;326.14
2002-01-01;144.47;233.57;179.34;278.41;234.64;264.48;308.16;291.28;250.48
2002-02-01;102.2;291.79;105.26;237.01;318.23;220.39;202.2;340.77;292.71
2002-03-01;212.32;118.7;143.68;136.89;115.9;151.83;164.35;181.36;106.2
2002-04-01;198.4;20.11;130.41;33.14;22.48;71.93;32.38;97.06;23.02
2002-05-01;217.42;26.71;195.21;87.49;33.34;95.29;16.33;32.57;35.82
2002-06-01;205.08;0.34;179.92;14.22;0.29;36.04;0.41;6.6;1.09
2002-07-01;221.32;8.45;156.62;26.74;10.53;34.98;2.43;12.61;11.45
2002-08-01;237.35;3.73;169.52;59.83;3.83;62.71;3.81;7.01;11.09
2002-09-01;286.27;71.78;188.73;84.83;79.92;102.87;51.77;85.18;87.62
2002-10-01;463.0;44.28;301.33;73.66;50.39;97.15;53.48;144.79;56.66
2002-11-01;254.75;147.9;215.19;191.18;136.91;202.63;143.48;179.76;182.98
2002-12-01;299.78;325.34;204.78;205.55;313.84;245.83;308.54;289.93;317.42
2003-01-01;173.51;411.47;153.68;404.92;439.59;356.36;283.62;389.73;435.9
2003-02-01;241.8;102.14;227.99;145.88;109.07;93.72;190.2;271.52;90.24
2003-03-01;175.02;224.36;128.69;162.47;231.28;183.11;248.78;383.77;193.01
2003-04-01;202.72;49.79;136.51;97.37;51.5;75.67;89.97;146.68;49.46
2003-05-01;89.7;43.55;80.17;54.57;44.76;57.65;13.68;60.93;40.87
2003-06-01;175.01;0.48;142.53;22.78;0.51;24.8;0.3;8.33;2.23
2003-07-01;136.08;3.85;126.21;33.64;5.58;40.23;0.21;1.55;8.71
2003-08-01;69.43;26.57;47.51;27.23;27.0;51.74;19.52;13.55;27.55
2003-09-01;82.66;34.88;72.87;33.74;45.44;52.24;19.97;58.07;36.99
2003-10-01;254.0;45.99;187.59;115.58;45.52;171.88;76.88;208.1;71.22
2003-11-01;223.66;168.54;173.49;150.64;176.92;194.0;190.76;201.36;178.6
2003-12-01;373.31;214.79;311.19;197.46;227.91;192.43;173.1;216.86;239.7
2004-01-01;89.6;337.06;111.08;276.29;327.8;236.66;384.92;435.73;303.55
2004-02-01;86.77;368.8;100.22;243.37;377.48;277.09;375.29;423.61;356.92
2004-03-01;41.35;220.48;70.76;114.54;215.39;153.04;225.69;219.18;180.0
2004-04-01;165.1;133.23;129.03;129.46;139.69;154.13;126.53;155.91;145.22
2004-05-01;123.7;16.24;202.76;124.55;21.66;110.09;9.97;19.13;36.55
2004-06-01;103.69;4.8;81.79;58.89;5.46;76.64;1.81;6.96;19.88
2004-07-01;117.15;21.63;172.67;82.23;30.18;113.3;2.05;17.53;41.31
2004-08-01;60.97;2.34;43.52;5.86;2.62;17.96;4.93;27.04;2.46
2004-09-01;157.6;3.6;180.26;21.07;4.28;40.69;3.74;41.93;6.32
2004-10-01;197.82;69.02;214.32;134.35;69.56;122.64;126.06;167.91;85.75
2004-11-01;183.72;137.53;171.05;163.15;142.42;175.11;159.78;219.28;151.75
2004-12-01;84.29;338.56;76.99;228.05;354.26;234.21;258.54;296.38;358.38
2005-01-01;133.15;315.94;134.07;374.39;319.68;310.2;315.74;300.89;320.38
2005-02-01;47.84;159.08;51.61;89.94;142.0;127.12;199.27;266.62;167.01
2005-03-01;83.8;270.41;102.07;190.99;262.36;212.8;334.52;368.76;256.7
2005-04-01;299.32;35.43;200.41;83.23;39.17;147.19;65.63;111.59;55.08
2005-05-01;277.33;40.32;238.63;111.44;49.59;141.59;26.84;39.87;61.3
2005-06-01;264.94;8.6;198.01;41.34;10.35;51.35;4.71;8.5;18.56
2005-07-01;74.98;2.19;94.72;41.46;3.1;54.7;0.71;1.91;15.13
2005-08-01;119.96;5.19;163.44;19.17;5.71;36.61;8.18;4.92;12.94
2005-09-01;210.73;50.25;227.41;113.33;57.16;136.41;49.89;69.04;65.54
2005-10-01;279.84;29.93;319.07;136.67;36.12;135.9;54.0;161.52;59.03
2005-11-01;81.43;325.54;96.06;125.6;329.73;118.46;243.61;198.21;281.52
2005-12-01;103.77;381.62;72.35;188.9;377.18;183.87;382.6;395.28;332.89
2006-01-01;133.9;163.96;153.29;226.54;183.86;233.92;170.1;281.47;163.27
2006-02-01;71.88;168.91;118.06;270.99;186.6;248.38;197.64;284.54;210.62
2006-03-01;157.13;295.08;166.23;184.12;280.36;184.0;310.38;300.62;251.9
2006-04-01;77.54;96.79;41.61;45.5;99.89;60.82;142.65;255.64;75.47
2006-05-01;67.04;18.87;47.17;24.8;20.12;43.87;22.1;55.48;27.45
2006-06-01;128.55;5.5;114.02;19.62;6.48;32.94;2.19;2.32;15.92
2006-07-01;120.21;2.11;107.18;29.78;2.11;52.92;4.6;9.0;6.53
2006-08-01;120.28;8.95;129.67;22.45;9.54;33.63;9.45;8.49;15.14
2006-09-01;156.41;58.93;139.85;87.27;65.66;98.69;60.16;83.43;70.81
2006-10-01;214.24;231.4;81.47;130.87;222.36;141.99;306.66;227.73;201.31
2006-11-01;225.95;283.64;214.69;186.94;291.42;223.15;211.14;201.04;296.31
2006-12-01;139.6;391.7;148.18;245.16;421.45;231.34;232.12;325.81;374.96
2007-01-01;203.27;326.44;176.8;386.82;373.02;277.21;246.76;302.29;381.75
2007-02-01;189.86;276.94;199.81;203.1;247.47;172.93;331.0;451.43;198.13
2007-03-01;145.24;55.77;146.94;115.72;63.37;115.4;85.77;165.66;75.28
2007-04-01;186.24;78.72;133.91;69.4;79.55;101.1;71.41;100.67;73.02
2007-05-01;205.19;10.29;246.92;79.1;10.35;75.42;11.92;24.66;18.76
2007-06-01;96.4;2.07;95.16;12.51;2.65;24.75;2.36;7.52;6.78
2007-07-01;150.17;6.74;225.97;124.95;9.84;118.83;3.07;21.44;19.62
2007-08-01;91.26;0.08;103.41;13.66;0.06;28.16;0.36;6.23;5.58
2007-09-01;235.63;9.12;171.18;12.15;11.57;27.97;5.99;29.88;11.2
2007-10-01;303.95;37.31;208.23;84.74;41.28;122.25;55.43;173.77;70.05
2007-11-01;134.83;156.8;169.39;161.92;159.56;199.13;196.05;295.05;149.71
2007-12-01;160.63;190.31;173.63;179.58;210.05;205.15;193.96;231.67;221.86
2008-01-01;99.54;306.72;126.87;289.58;337.07;301.5;305.04;496.46;308.13
2008-02-01;97.06;239.27;117.37;232.27;269.08;270.81;272.38;436.74;258.59
2008-03-01;80.18;253.14;94.09;185.69;264.3;216.18;264.78;275.9;250.29
2008-04-01;231.42;130.76;214.18;145.73;133.83;164.72;190.1;180.4;129.47
2008-05-01;111.82;9.59;102.6;58.68;12.53;86.36;15.87;51.9;22.25
2008-06-01;174.77;8.29;190.22;48.84;11.0;85.84;0.71;4.37;19.88
2008-07-01;115.37;0.07;80.08;7.26;0.03;13.82;0.05;2.01;1.8
2008-08-01;124.22;4.89;154.74;76.57;7.08;93.2;1.71;5.47;18.43
2008-09-01;128.67;47.34;164.0;45.19;51.23;77.08;35.7;53.12;57.86
2008-10-01;389.23;25.81;296.7;123.99;30.35;147.76;58.78;181.98;59.52
2008-11-01;76.74;185.59;125.26;114.07;167.58;183.06;223.21;246.39;200.61
2008-12-01;38.6;411.72;92.59;212.67;437.61;226.0;339.31;289.82;401.45
2009-01-01;141.69;292.7;161.42;299.5;312.92;305.93;251.1;249.27;303.37
2009-02-01;184.9;174.5;149.23;227.97;193.21;236.67;196.94;297.91;215.76
2009-03-01;60.86;196.33;79.38;174.52;225.42;147.71;180.22;267.43;207.97
2009-04-01;37.31;131.59;36.22;76.65;110.35;96.91;209.52;204.57;96.94
2009-05-01;187.43;36.13;166.28;56.52;40.97;66.22;57.03;83.17;33.97
2009-06-01;102.47;17.88;94.84;61.34;21.52;63.87;16.97;31.6;28.09
2009-07-01;165.27;0.18;195.62;124.58;0.12;157.2;0.22;5.01;10.61
2009-08-01;184.89;34.88;223.26;91.14;37.97;71.91;29.09;42.41;37.63
2009-09-01;355.46;69.04;407.35;199.38;80.26;185.03;86.17;99.99;89.83
2009-10-01;167.8;175.17;181.87;154.71;161.63;149.89;220.75;163.84;201.18
2009-11-01;458.5;147.41;274.82;209.9;163.59;208.73;182.7;249.36;168.73
2009-12-01;187.29;332.44;168.06;351.82;338.61;369.92;331.24;323.54;366.54
2010-01-01;348.31;144.85;272.93;375.4;167.52;411.74;169.11;408.07;198.4
2010-02-01;161.38;103.58;172.93;185.84;118.86;193.05;135.27;269.63;111.46
2010-03-01;121.13;223.96;164.27;176.99;224.92;215.33;182.29;234.1;223.25
2010-04-01;196.91;84.53;224.11;117.2;80.92;159.75;100.95;77.48;75.36
2010-05-01;162.34;26.35;176.72;52.64;28.73;80.45;10.83;26.15;35.22
2010-06-01;140.8;6.43;138.0;27.41;8.56;43.49;2.85;3.6;9.67
2010-07-01;238.71;4.14;181.34;45.77;4.63;86.07;1.35;3.33;16.64
2010-08-01;44.19;0.3;48.47;13.54;0.32;30.89;0.25;3.5;3.02
2010-09-01;251.19;44.38;176.74;92.44;57.16;81.32;21.05;15.83;55.29
2010-10-01;139.79;132.21;140.19;117.0;133.08;100.43;142.61;170.71;136.14
2010-11-01;63.58;260.41;104.86;113.15;266.52;149.86;257.94;248.91;256.86
2010-12-01;204.65;328.94;210.17;246.19;350.66;303.6;315.05;265.38;348.95
2011-01-01;145.7;251.52;175.27;366.72;266.65;364.79;281.95;398.99;271.98
2011-02-01;182.45;108.99;243.45;256.88;118.17;245.65;219.45;330.14;129.29
2011-03-01;150.01;408.34;203.42;254.85;416.5;208.72;320.2;299.67;336.08
2011-04-01;217.23;83.47;131.93;102.01;93.81;130.4;67.01;173.48;98.24
2011-05-01;87.98;4.27;74.64;19.51;4.52;43.38;7.54;32.97;11.38
2011-06-01;188.41;9.77;197.4;54.77;13.52;56.11;8.26;13.32;16.09
2011-07-01;228.54;0.79;277.05;27.88;0.73;24.14;1.11;0.53;2.36
2011-08-01;172.49;0.75;291.28;69.56;1.06;96.54;1.33;14.22;6.84
2011-09-01;118.02;4.58;142.1;16.31;5.85;20.56;10.27;45.65;7.54
2011-10-01;211.34;154.45;180.62;194.01;161.7;170.04;214.17;224.86;161.98
2011-11-01;83.83;174.5;83.34;135.95;164.91;158.65;234.66;249.48;185.91
2011-12-01;86.0;393.99;93.6;187.18;426.49;208.22;275.12;285.99;402.73
2012-01-01;83.28;340.52;147.24;304.0;371.61;332.19;363.1;413.34;368.52
2012-02-01;181.56;85.22;172.79;162.03;88.36;151.93;206.77;271.79;83.55
2012-03-01;40.09;152.44;62.12;103.06;164.15;141.61;167.19;225.33;155.84
2012-04-01;142.12;56.44;126.06;135.21;68.53;129.07;72.92;151.12;75.17
2012-05-01;72.25;33.09;58.25;75.01;38.03;89.98;29.57;72.23;54.0
2012-06-01;90.12;30.87;134.83;182.05;40.7;191.87;11.37;32.08;53.14
2012-07-01;162.62;0.93;187.02;58.67;1.33;87.94;0.54;1.9;11.12
2012-08-01;53.72;0.86;33.79;10.34;0.18;42.09;0.76;1.04;9.66
2012-09-01;153.88;31.94;157.49;64.43;39.25;52.91;28.06;73.13;36.68
2012-10-01;342.92;28.89;198.86;83.81;29.79;90.89;63.81;145.82;43.03
2012-11-01;64.69;278.58;58.4;137.39;260.93;117.06;271.05;255.39;251.0
2012-12-01;387.72;119.6;247.94;235.77;140.35;222.87;142.09;240.41;159.24
2013-01-01;147.03;310.28;113.58;219.6;306.18;292.05;363.92;360.78;319.67
2013-02-01;165.42;91.18;194.52;232.29;92.5;239.12;160.44;321.65;116.22
2013-03-01;201.46;229.6;190.71;206.49;246.6;223.66;220.47;333.93;230.79
2013-04-01;157.66;115.81;106.67;94.34;119.88;104.58;107.17;216.53;96.44
2013-05-01;144.44;32.64;110.61;104.22;39.23;85.39;18.56;41.44;48.93
2013-06-01;85.53;12.5;214.48;107.53;12.9;101.71;13.81;24.24;20.27
2013-07-01;111.69;0.38;109.28;68.44;0.15;114.86;0.18;3.75;11.71
2013-08-01;197.94;2.07;278.64;16.54;2.5;33.93;1.55;3.23;6.68
2013-09-01;146.09;47.97;204.81;89.93;49.92;94.03;37.46;58.57;56.22
2013-10-01;174.02;85.83;160.33;108.55;87.31;108.54;145.14;226.84;88.34
2013-11-01;205.51;187.13;166.78;159.65;189.57;187.9;257.81;275.95;193.51
2013-12-01;113.06;302.61;138.2;145.84;286.41;129.77;354.74;325.03;323.38
2014-01-01;181.97;103.06;177.9;114.29;109.35;116.72;166.11;282.83;100.66
2014-02-01;132.2;78.51;197.85;126.21;72.0;103.68;193.06;354.21;65.51
2014-03-01;224.16;154.01;195.98;162.03;140.64;145.82;281.56;338.84;122.31
2014-04-01;194.56;100.86;159.84;90.91;110.43;106.0;156.16;160.2;96.02
2014-05-01;218.42;7.67;160.77;41.9;9.07;61.17;4.83;63.23;14.65
2014-06-01;318.16;3.45;351.8;33.12;3.2;43.68;1.78;4.37;8.02
2014-07-01;184.85;28.79;114.16;46.91;40.49;54.51;5.9;6.42;40.66
2014-08-01;77.73;0.22;106.32;23.7;0.1;43.61;0.16;7.38;6.96
2014-09-01;329.26;14.62;276.62;99.7;18.07;72.96;38.61;76.57;22.58
2014-10-01;219.6;61.87;149.71;41.55;57.92;55.94;97.65;158.45;63.14
2014-11-01;133.24;264.41;155.47;185.87;278.29;149.15;242.3;209.1;237.76
2014-12-01;281.38;203.77;237.72;208.35;197.41;171.33;262.66;329.99;176.96
2015-01-01;286.35;92.15;236.44;146.79;107.48;145.51;111.24;215.67;107.65
2015-02-01;115.55;227.3;185.38;209.64;247.97;213.24;231.15;317.93;231.86
2015-03-01;106.33;235.12;95.53;233.47;259.87;218.82;259.98;259.19;235.45
2015-04-01;150.78;98.22;104.39;63.77;87.73;76.12;189.79;151.68;72.93
2015-05-01;183.59;63.07;143.41;112.43;79.57;101.8;41.59;107.2;69.73
2015-06-01;228.22;14.67;178.29;31.84;20.49;48.41;0.43;3.68;20.87
2015-07-01;271.72;3.79;343.98;80.03;4.92;56.17;4.17;17.44;8.5
2015-08-01;87.23;0.91;64.95;23.67;1.17;39.93;1.64;8.15;8.22
2015-09-01;182.36;53.99;268.72;166.28;69.99;157.41;37.98;38.98;78.64
2015-10-01;306.48;42.31;325.38;124.88;48.3;89.44;79.41;111.49;54.79
2015-11-01;244.12;179.84;216.47;223.35;186.67;205.2;184.46;160.4;191.79
2015-12-01;454.95;157.91;276.74;209.06;190.23;191.26;125.81;160.25;199.68
2016-01-01;151.26;398.09;158.45;280.35;379.26;240.52;449.05;395.93;374.02
2016-02-01;153.11;100.17;191.23;213.98;120.55;200.52;122.32;149.87;138.39
2016-03-01;213.3;144.18;218.99;187.82;155.31;210.76;168.43;343.88;156.17
2016-04-01;212.81;12.05;155.13;31.48;12.3;43.36;3.34;97.59;24.3
2016-05-01;85.35;8.62;129.08;116.04;12.12;90.58;8.38;30.32;20.17
2016-06-01;18.56;16.71;47.31;124.48;23.54;145.56;3.73;12.71;47.45
2016-07-01;125.34;0.01;156.28;16.75;0.01;20.8;0.06;0.23;1.53
2016-08-01;147.69;12.39;176.71;62.4;14.89;61.73;13.62;37.31;20.78
2016-09-01;64.79;21.68;72.44;33.52;20.65;45.0;40.42;97.16;26.05
2016-10-01;338.95;85.61;257.13;126.16;89.07;110.97;124.36;145.43;93.35
2016-11-01;152.24;221.06;101.3;149.39;217.17;189.9;232.41;263.52;237.08
2016-12-01;168.89;202.85;178.12;171.97;223.55;151.87;188.23;332.85;205.43
2017-01-01;200.54;139.16;175.65;285.73;152.26;263.05;192.76;304.56;161.83
2017-02-01;213.42;174.96;151.34;114.74;170.25;97.09;243.92;323.27;151.75
2017-03-01;190.57;108.33;147.11;140.93;104.64;167.71;192.17;280.18;112.03
2017-04-01;311.72;29.64;150.4;114.51;38.2;106.77;94.64;201.29;47.46
2017-05-01;398.1;52.0;320.04;143.15;60.37;124.84;26.55;39.84;63.77
2017-06-01;135.91;4.29;172.25;72.87;5.96;88.5;0.32;8.45;11.76
2017-07-01;13.43;1.42;11.96;8.04;1.33;25.27;0.13;0.93;6.05
2017-08-01;214.68;0.26;137.92;51.26;0.37;59.42;0.24;12.87;4.93
2017-09-01;128.9;26.96;102.42;32.79;31.03;42.74;15.04;28.72;30.32
2017-10-01;319.79;58.29;298.64;120.4;62.1;90.65;52.95;128.29;75.93
2017-11-01;167.78;228.18;181.1;194.2;237.18;146.49;250.21;239.95;209.1
2017-12-01;85.56;227.27;137.49;161.47;229.74;143.96;256.05;321.71;224.79
2018-01-01;201.88;177.89;221.96;227.58;188.24;209.27;190.74;289.5;198.8
2018-02-01;91.51;204.44;99.96;115.2;189.4;139.43;232.97;348.76;213.61
2018-03-01;167.35;140.71;177.99;152.92;139.99;158.46;182.47;347.93;167.05
2018-04-01;77.18;87.25;55.0;37.44;85.08;75.35;141.11;200.72;71.75
2018-05-01;106.05;17.71;80.5;22.72;21.04;34.8;17.85;46.51;24.26
2018-06-01;135.07;0.68;162.04;24.52;0.78;39.94;0.01;6.03;9.3
2018-07-01;109.9;0.1;127.75;15.01;0.15;35.89;0.0;3.28;2.41
2018-08-01;126.17;18.22;140.13;74.81;21.42;74.82;13.07;35.76;33.4
2018-09-01;205.46;45.37;180.12;78.44;55.98;86.48;34.89;97.6;56.76
2018-10-01;231.35;141.9;249.2;204.94;154.59;200.77;181.68;192.96;151.89
2018-11-01;248.48;322.38;169.61;163.68;345.57;157.73;266.99;268.61;277.2
2018-12-01;152.94;218.71;123.57;125.56;222.13;119.53;202.37;273.55;219.82
2019-01-01;280.29;70.41;176.91;141.86;81.17;158.17;107.3;249.85;86.76
2019-02-01;188.48;229.96;209.23;238.58;251.63;258.62;224.65;339.36;247.03
2019-03-01;170.6;200.9;122.6;168.53;200.95;186.12;258.4;320.56;174.32
2019-04-01;184.09;116.94;156.58;124.62;112.67;163.11;142.4;230.85;114.38
2019-05-01;317.21;43.08;271.02;60.72;43.44;83.33;32.2;60.75;47.79
2019-06-01;50.5;0.92;75.59;36.95;1.07;47.37;0.26;10.95;6.94
2019-07-01;171.1;1.06;92.11;44.08;1.53;70.75;0.09;2.85;5.89
2019-08-01;95.17;4.65;67.36;21.29;6.65;47.07;0.44;7.84;17.7
2019-09-01;77.59;20.73;79.64;68.38;25.89;80.7;13.93;41.93;38.84
2019-10-01;365.95;60.48;257.64;70.7;72.26;65.49;96.67;210.83;76.01
2019-11-01;204.02;196.94;142.56;137.4;203.56;140.17;176.58;194.27;200.97
2019-12-01;80.41;215.36;98.04;148.5;245.8;145.68;202.94;278.66;217.78
2020-01-01;206.47;351.61;167.48;248.79;363.5;213.07;323.97;227.03;379.43
2020-02-01;84.59;298.68;110.81;270.88;337.62;320.28;275.86;299.38;345.24
2020-03-01;16.58;184.52;26.36;79.48;151.09;107.11;221.38;226.51;168.71
2020-04-01;50.32;70.31;44.08;32.63;40.32;38.57;124.81;127.07;44.02
2020-05-01;223.66;35.38;134.34;29.63;36.73;48.54;23.41;49.4;38.81
2020-06-01;230.81;0.95;201.42;62.56;0.36;82.14;0.93;2.45;4.36
2020-07-01;220.06;0.19;245.56;17.45;0.27;39.72;0.13;0.34;4.18
2020-08-01;96.86;0.17;125.08;46.89;0.2;58.02;0.25;2.41;8.87
2020-09-01;117.27;8.18;102.5;16.25;8.57;51.87;12.96;27.88;15.9
2020-10-01;71.67;111.06;72.06;84.59;99.91;108.02;134.15;148.59;115.81
2020-11-01;102.94;136.19;102.82;95.1;132.42;118.39;153.51;100.5;141.99
2020-12-01;164.78;227.18;152.66;239.74;247.61;268.67;195.0;210.15;262.49
2021-01-01;229.42;144.43;261.07;178.06;155.63;172.67;167.88;227.41;181.96
2021-02-01;93.53;283.21;73.48;164.49;267.61;218.98;342.32;384.9;278.35
2021-03-01;157.1;93.69;150.38;119.55;101.63;134.63;142.63;313.27;107.48
